FIPS_Code,State,Decade,Unemployment_rate_
01000,AL,2000,5.57
01001,AL,2000,4.74
01003,AL,2000,4.71
01005,AL,2000,7.51
01007,AL,2000,6.15
01009,AL,2000,4.529999999999999
01011,AL,2000,10.41
01013,AL,2000,8.370000000000001
01015,AL,2000,5.66
01017,AL,2000,8.1
01019,AL,2000,5.29
01021,AL,2000,4.9799999999999995
01023,AL,2000,8.040000000000001
01025,AL,2000,8.7
01027,AL,2000,7.06
01029,AL,2000,5.12
01031,AL,2000,5.25
01033,AL,2000,6.75
01035,AL,2000,8.540000000000001
01037,AL,2000,7.65
01039,AL,2000,6.11
01041,AL,2000,6.0200000000000005
01043,AL,2000,5.1
01045,AL,2000,5.46
01047,AL,2000,10.620000000000001
01049,AL,2000,5.83
01051,AL,2000,4.75
01053,AL,2000,7.2299999999999995
01055,AL,2000,6.2
01057,AL,2000,6.840000000000001
01059,AL,2000,7.65
01061,AL,2000,5.37
01063,AL,2000,8.129999999999999
01065,AL,2000,7.45
01067,AL,2000,5.99
01069,AL,2000,4.709999999999999
01071,AL,2000,6.470000000000001
01073,AL,2000,5.21
01075,AL,2000,8.05
01077,AL,2000,6.32
01079,AL,2000,6.45
01081,AL,2000,4.66
01083,AL,2000,4.95
01085,AL,2000,9.379999999999999
01087,AL,2000,6.75
01089,AL,2000,4.3100000000000005
01091,AL,2000,6.65
01093,AL,2000,7.529999999999999
01095,AL,2000,5.18
01097,AL,2000,6.0
01099,AL,2000,8.52
01101,AL,2000,5.409999999999999
01103,AL,2000,5.58
01105,AL,2000,10.879999999999999
01107,AL,2000,7.55
01109,AL,2000,5.39
01111,AL,2000,6.99
01113,AL,2000,6.890000000000001
01115,AL,2000,4.93
01117,AL,2000,3.56
01119,AL,2000,8.95
01121,AL,2000,6.95
01123,AL,2000,6.659999999999999
01125,AL,2000,4.71
01127,AL,2000,6.07
01129,AL,2000,8.67
01131,AL,2000,12.1
01133,AL,2000,8.370000000000001
02000,AK,2000,6.92
02013,AK,2000,8.83
02016,AK,2000,5.96
02020,AK,2000,5.54
02050,AK,2000,12.05
02060,AK,2000,5.65
02068,AK,2000,7.040000000000001
02070,AK,2000,9.59
02090,AK,2000,6.21
02100,AK,2000,9.28
02110,AK,2000,5.17
02122,AK,2000,8.83
02130,AK,2000,6.81
02150,AK,2000,8.040000000000001
02158,AK,2000,18.880000000000003
02164,AK,2000,7.05
02170,AK,2000,7.81
02180,AK,2000,10.9
02185,AK,2000,7.49
02188,AK,2000,11.379999999999999
02201,AK,2000,14.25
02220,AK,2000,5.58
02232,AK,2000,12.459999999999999
02240,AK,2000,11.190000000000001
02261,AK,2000,8.92
02280,AK,2000,10.559999999999999
02282,AK,2000,9.24
02290,AK,2000,12.690000000000001
04000,AZ,2000,5.4
04001,AZ,2000,10.84
04003,AZ,2000,5.26
04005,AZ,2000,5.2299999999999995
04007,AZ,2000,6.5
04009,AZ,2000,7.0
04011,AZ,2000,6.65
04012,AZ,2000,6.83
04013,AZ,2000,4.76
04015,AZ,2000,5.59
04017,AZ,2000,8.68
04019,AZ,2000,5.029999999999999
04021,AZ,2000,6.459999999999999
04023,AZ,2000,9.559999999999999
04025,AZ,2000,5.17
04027,AZ,2000,16.75
05000,AR,2000,5.470000000000001
05001,AR,2000,7.5200000000000005
05003,AR,2000,8.15
05005,AR,2000,6.0
05007,AR,2000,3.6799999999999997
05009,AR,2000,5.42
05011,AR,2000,7.340000000000001
05013,AR,2000,6.67
05015,AR,2000,4.5600000000000005
05017,AR,2000,9.27
05019,AR,2000,5.83
05021,AR,2000,8.040000000000001
05023,AR,2000,5.39
05025,AR,2000,6.05
05027,AR,2000,6.470000000000001
05029,AR,2000,5.62
05031,AR,2000,5.09
05033,AR,2000,4.9
05035,AR,2000,6.709999999999999
05037,AR,2000,6.9
05039,AR,2000,7.32
05041,AR,2000,9.05
05043,AR,2000,8.03
05045,AR,2000,4.83
05047,AR,2000,4.61
05049,AR,2000,5.57
05051,AR,2000,5.67
05053,AR,2000,5.2
05055,AR,2000,6.5200000000000005
05057,AR,2000,5.5600000000000005
05059,AR,2000,5.9
05061,AR,2000,5.64
05063,AR,2000,6.18
05065,AR,2000,6.63
05067,AR,2000,8.190000000000001
05069,AR,2000,7.590000000000001
05071,AR,2000,5.1
05073,AR,2000,6.720000000000001
05075,AR,2000,7.2299999999999995
05077,AR,2000,9.47
05079,AR,2000,7.75
05081,AR,2000,4.57
05083,AR,2000,5.58
05085,AR,2000,4.4399999999999995
05087,AR,2000,4.029999999999999
05089,AR,2000,6.14
05091,AR,2000,4.6899999999999995
05093,AR,2000,9.7
05095,AR,2000,6.7700000000000005
05097,AR,2000,5.2299999999999995
05099,AR,2000,5.82
05101,AR,2000,5.58
05103,AR,2000,7.1
05105,AR,2000,5.68
05107,AR,2000,8.059999999999999
05109,AR,2000,5.4
05111,AR,2000,6.859999999999999
05113,AR,2000,5.8
05115,AR,2000,5.09
05117,AR,2000,5.5
05119,AR,2000,4.88
05121,AR,2000,7.859999999999999
05123,AR,2000,8.78
05125,AR,2000,4.41
05127,AR,2000,4.67
05129,AR,2000,5.34
05131,AR,2000,4.76
05133,AR,2000,4.38
05135,AR,2000,7.220000000000001
05137,AR,2000,6.4
05139,AR,2000,6.7299999999999995
05141,AR,2000,6.68
05143,AR,2000,3.81
05145,AR,2000,6.12
05147,AR,2000,8.370000000000001
05149,AR,2000,4.8
06000,CA,2000,6.470000000000001
06001,CA,2000,5.91
06003,CA,2000,8.53
06005,CA,2000,6.42
06007,CA,2000,7.609999999999999
06009,CA,2000,7.32
06011,CA,2000,13.51
06013,CA,2000,5.529999999999999
06015,CA,2000,8.370000000000001
06017,CA,2000,5.74
06019,CA,2000,10.620000000000001
06021,CA,2000,9.68
06023,CA,2000,6.779999999999999
06025,CA,2000,18.119999999999997
06027,CA,2000,5.61
06029,CA,2000,9.55
06031,CA,2000,10.73
06033,CA,2000,9.120000000000001
06035,CA,2000,8.41
06037,CA,2000,6.58
06039,CA,2000,9.42
06041,CA,2000,4.41
06043,CA,2000,6.83
06045,CA,2000,6.5200000000000005
06047,CA,2000,11.27
06049,CA,2000,8.59
06051,CA,2000,5.38
06053,CA,2000,8.32
06055,CA,2000,4.75
06057,CA,2000,5.59
06059,CA,2000,4.67
06061,CA,2000,5.29
06063,CA,2000,9.379999999999999
06065,CA,2000,6.840000000000001
06067,CA,2000,5.9799999999999995
06069,CA,2000,8.76
06071,CA,2000,6.4799999999999995
06073,CA,2000,5.2
06075,CA,2000,5.59
06077,CA,2000,9.059999999999999
06079,CA,2000,4.95
06081,CA,2000,4.83
06083,CA,2000,5.04
06085,CA,2000,6.279999999999999
06087,CA,2000,6.970000000000001
06089,CA,2000,8.1
06091,CA,2000,9.1
06093,CA,2000,9.4
06095,CA,2000,6.029999999999999
06097,CA,2000,5.09
06099,CA,2000,9.709999999999999
06101,CA,2000,10.97
06103,CA,2000,7.94
06105,CA,2000,11.14
06107,CA,2000,11.11
06109,CA,2000,7.140000000000001
06111,CA,2000,5.66
06113,CA,2000,6.4
06115,CA,2000,10.34
08000,CO,2000,4.970000000000001
08001,CO,2000,5.59
08003,CO,2000,5.0600000000000005
08005,CO,2000,4.9399999999999995
08007,CO,2000,5.029999999999999
08009,CO,2000,3.3299999999999996
08011,CO,2000,5.88
08013,CO,2000,4.46
08014,CO,2000,4.85
08015,CO,2000,4.87
08017,CO,2000,2.82
08019,CO,2000,4.7299999999999995
08021,CO,2000,6.85
08023,CO,2000,8.95
08025,CO,2000,7.290000000000001
08027,CO,2000,4.7
08029,CO,2000,4.88
08031,CO,2000,5.66
08033,CO,2000,7.32
08035,CO,2000,4.220000000000001
08037,CO,2000,4.0200000000000005
08039,CO,2000,4.55
08041,CO,2000,5.36
08043,CO,2000,6.2
08045,CO,2000,3.95
08047,CO,2000,4.55
08049,CO,2000,3.84
08051,CO,2000,3.8600000000000003
08053,CO,2000,3.2399999999999998
08055,CO,2000,7.0200000000000005
08057,CO,2000,3.69
08059,CO,2000,4.75
08061,CO,2000,3.88
08063,CO,2000,3.28
08065,CO,2000,5.17
08067,CO,2000,3.8
08069,CO,2000,4.279999999999999
08071,CO,2000,5.13
08073,CO,2000,3.71
08075,CO,2000,3.81
08077,CO,2000,4.8
08079,CO,2000,4.83
08081,CO,2000,4.4799999999999995
08083,CO,2000,5.220000000000001
08085,CO,2000,5.08
08087,CO,2000,4.13
08089,CO,2000,5.83
08091,CO,2000,3.7399999999999998
08093,CO,2000,4.67
08095,CO,2000,3.29
08097,CO,2000,4.07
08099,CO,2000,4.43
08101,CO,2000,6.33
08103,CO,2000,3.2700000000000005
08105,CO,2000,5.470000000000001
08107,CO,2000,3.7600000000000002
08109,CO,2000,6.709999999999999
08111,CO,2000,6.11
08113,CO,2000,4.34
08115,CO,2000,3.22
08117,CO,2000,3.84
08119,CO,2000,5.12
08121,CO,2000,3.37
08123,CO,2000,5.11
08125,CO,2000,2.8
09000,CT,2000,4.76
09001,CT,2000,4.35
09003,CT,2000,5.15
09005,CT,2000,4.5
09007,CT,2000,4.09
09009,CT,2000,5.17
09011,CT,2000,4.42
09013,CT,2000,3.96
09015,CT,2000,5.32
10000,DE,2000,4.57
10001,DE,2000,4.4399999999999995
10003,DE,2000,4.66
10005,DE,2000,4.35
11000,DC,2000,7.07
11001,DC,2000,7.07
12000,FL,2000,4.54
12001,FL,2000,3.3600000000000003
12003,FL,2000,4.12
12005,FL,2000,4.51
12007,FL,2000,3.84
12009,FL,2000,4.63
12011,FL,2000,4.39
12013,FL,2000,4.4
12015,FL,2000,5.09
12017,FL,2000,5.56
12019,FL,2000,4.04
12021,FL,2000,4.57
12023,FL,2000,4.38
12027,FL,2000,5.08
12029,FL,2000,5.029999999999999
12031,FL,2000,4.63
12033,FL,2000,4.55
12035,FL,2000,5.79
12037,FL,2000,3.85
12039,FL,2000,4.63
12041,FL,2000,4.12
12043,FL,2000,5.09
12045,FL,2000,4.67
12047,FL,2000,5.4
12049,FL,2000,5.68
12051,FL,2000,7.720000000000001
12053,FL,2000,5.85
12055,FL,2000,5.16
12057,FL,2000,4.5
12059,FL,2000,4.42
12061,FL,2000,6.04
12063,FL,2000,4.1
12065,FL,2000,3.87
12067,FL,2000,3.8
12069,FL,2000,4.68
12071,FL,2000,4.65
12073,FL,2000,3.5
12075,FL,2000,4.92
12077,FL,2000,3.4799999999999995
12079,FL,2000,5.16
12081,FL,2000,4.5
12083,FL,2000,5.14
12085,FL,2000,4.95
12086,FL,2000,4.08
12087,FL,2000,3.16
12089,FL,2000,4.08
12091,FL,2000,3.4899999999999998
12093,FL,2000,5.87
12095,FL,2000,4.42
12097,FL,2000,4.720000000000001
12099,FL,2000,5.0200000000000005
12101,FL,2000,5.15
12103,FL,2000,4.61
12105,FL,2000,4.99
12107,FL,2000,5.3
12109,FL,2000,3.72
12111,FL,2000,6.18
12113,FL,2000,4.24
12115,FL,2000,4.49
12117,FL,2000,4.2299999999999995
12119,FL,2000,4.470000000000001
12121,FL,2000,4.34
12123,FL,2000,5.37
12125,FL,2000,3.75
12127,FL,2000,4.6
12129,FL,2000,3.44
12131,FL,2000,3.4799999999999995
12133,FL,2000,4.8100000000000005
13000,GA,2000,5.6
13001,GA,2000,7.05
13003,GA,2000,7.4799999999999995
13005,GA,2000,6.05
13007,GA,2000,5.75
13009,GA,2000,6.38
13011,GA,2000,4.29
13013,GA,2000,5.409999999999999
13015,GA,2000,6.24
13017,GA,2000,7.58
13019,GA,2000,5.5200000000000005
13021,GA,2000,5.9799999999999995
13023,GA,2000,6.55
13025,GA,2000,6.01
13027,GA,2000,5.0600000000000005
13029,GA,2000,4.29
13031,GA,2000,5.3
13033,GA,2000,8.0
13035,GA,2000,6.5200000000000005
13037,GA,2000,7.55
13039,GA,2000,5.1899999999999995
13043,GA,2000,5.49
13045,GA,2000,6.01
13047,GA,2000,4.38
13049,GA,2000,5.92
13051,GA,2000,4.9799999999999995
13053,GA,2000,10.370000000000001
13055,GA,2000,6.5200000000000005
13057,GA,2000,4.57
13059,GA,2000,4.6899999999999995
13061,GA,2000,6.0200000000000005
13063,GA,2000,6.65
13065,GA,2000,6.840000000000001
13067,GA,2000,5.04
13069,GA,2000,7.31
13071,GA,2000,5.7700000000000005
13073,GA,2000,4.37
13075,GA,2000,6.590000000000001
13077,GA,2000,5.12
13079,GA,2000,5.76
13081,GA,2000,6.890000000000001
13083,GA,2000,5.18
13085,GA,2000,4.87
13087,GA,2000,7.040000000000001
13089,GA,2000,5.970000000000001
13091,GA,2000,6.2700000000000005
13093,GA,2000,6.5200000000000005
13095,GA,2000,6.76
13097,GA,2000,5.63
13099,GA,2000,6.2700000000000005
13101,GA,2000,3.9899999999999998
13103,GA,2000,4.39
13105,GA,2000,7.140000000000001
13107,GA,2000,6.459999999999999
13109,GA,2000,5.32
13111,GA,2000,5.79
13113,GA,2000,4.51
13115,GA,2000,5.720000000000001
13117,GA,2000,4.24
13119,GA,2000,6.290000000000001
13121,GA,2000,5.92
13123,GA,2000,5.07
13125,GA,2000,6.220000000000001
13127,GA,2000,4.75
13129,GA,2000,6.04
13131,GA,2000,5.32
13133,GA,2000,7.33
13135,GA,2000,4.96
13137,GA,2000,5.08
13139,GA,2000,4.8
13141,GA,2000,10.27
13143,GA,2000,5.9399999999999995
13145,GA,2000,4.4
13147,GA,2000,7.19
13149,GA,2000,6.58
13151,GA,2000,5.16
13153,GA,2000,4.619999999999999
13155,GA,2000,7.209999999999999
13157,GA,2000,5.470000000000001
13159,GA,2000,6.029999999999999
13161,GA,2000,8.41
13163,GA,2000,9.08
13165,GA,2000,9.1
13167,GA,2000,7.279999999999999
13169,GA,2000,5.1
13171,GA,2000,6.790000000000001
13173,GA,2000,4.96
13175,GA,2000,6.32
13177,GA,2000,4.29
13179,GA,2000,6.14
13181,GA,2000,7.6
13183,GA,2000,4.38
13185,GA,2000,4.75
13187,GA,2000,5.37
13189,GA,2000,7.2
13191,GA,2000,5.529999999999999
13193,GA,2000,8.6
13195,GA,2000,4.7700000000000005
13197,GA,2000,5.91
13199,GA,2000,7.470000000000001
13201,GA,2000,5.0
13205,GA,2000,6.37
13207,GA,2000,5.15
13209,GA,2000,6.590000000000001
13211,GA,2000,5.15
13213,GA,2000,5.71
13215,GA,2000,6.17
13217,GA,2000,6.21
13219,GA,2000,3.6100000000000003
13221,GA,2000,4.790000000000001
13223,GA,2000,4.99
13225,GA,2000,6.56
13227,GA,2000,4.96
13229,GA,2000,5.21
13231,GA,2000,5.8100000000000005
13233,GA,2000,5.8
13235,GA,2000,5.529999999999999
13237,GA,2000,5.63
13239,GA,2000,7.26
13241,GA,2000,5.46
13243,GA,2000,8.3
13245,GA,2000,6.63
13247,GA,2000,5.859999999999999
13249,GA,2000,6.659999999999999
13251,GA,2000,6.9
13253,GA,2000,6.4799999999999995
13255,GA,2000,7.35
13257,GA,2000,6.17
13259,GA,2000,8.17
13261,GA,2000,7.2
13263,GA,2000,6.890000000000001
13265,GA,2000,8.93
13267,GA,2000,6.18
13269,GA,2000,7.340000000000001
13271,GA,2000,9.83
13273,GA,2000,6.94
13275,GA,2000,5.220000000000001
13277,GA,2000,5.89
13279,GA,2000,6.9
13281,GA,2000,4.75
13283,GA,2000,7.859999999999999
13285,GA,2000,6.8
13287,GA,2000,7.540000000000001
13289,GA,2000,6.65
13291,GA,2000,4.99
13293,GA,2000,7.9799999999999995
13295,GA,2000,5.51
13297,GA,2000,5.35
13299,GA,2000,6.24
13301,GA,2000,10.1
13303,GA,2000,7.07
13305,GA,2000,6.68
13307,GA,2000,6.01
13309,GA,2000,6.9799999999999995
13311,GA,2000,4.88
13313,GA,2000,5.8100000000000005
13315,GA,2000,7.090000000000001
13317,GA,2000,8.0
13319,GA,2000,6.35
13321,GA,2000,6.05
15000,HI,2000,3.84
15001,HI,2000,4.83
15003,HI,2000,3.62
15007,HI,2000,4.33
15009,HI,2000,3.9799999999999995
16000,ID,2000,5.01
16001,ID,2000,4.33
16003,ID,2000,10.47
16005,ID,2000,4.819999999999999
16007,ID,2000,4.37
16009,ID,2000,9.9
16011,ID,2000,4.34
16013,ID,2000,3.8899999999999997
16015,ID,2000,5.11
16017,ID,2000,6.88
16019,ID,2000,3.55
16021,ID,2000,8.6
16023,ID,2000,4.630000000000001
16025,ID,2000,4.5200000000000005
16027,ID,2000,5.76
16029,ID,2000,5.32
16031,ID,2000,4.86
16033,ID,2000,5.0200000000000005
16035,ID,2000,11.43
16037,ID,2000,5.39
16039,ID,2000,5.63
16041,ID,2000,3.66
16043,ID,2000,4.82
16045,ID,2000,6.29
16047,ID,2000,3.7399999999999998
16049,ID,2000,7.909999999999999
16051,ID,2000,3.88
16053,ID,2000,4.3100000000000005
16055,ID,2000,6.06
16057,ID,2000,4.1899999999999995
16059,ID,2000,6.92
16061,ID,2000,4.67
16063,ID,2000,5.51
16065,ID,2000,3.29
16067,ID,2000,5.91
16069,ID,2000,4.83
16071,ID,2000,3.4299999999999997
16073,ID,2000,3.2299999999999995
16075,ID,2000,7.209999999999999
16077,ID,2000,5.79
16079,ID,2000,9.93
16081,ID,2000,3.2
16083,ID,2000,4.25
16085,ID,2000,7.43
16087,ID,2000,6.45
17000,IL,2000,6.14
17001,IL,2000,4.54
17003,IL,2000,9.120000000000001
17005,IL,2000,5.89
17007,IL,2000,7.76
17009,IL,2000,3.62
17011,IL,2000,5.96
17013,IL,2000,6.76
17015,IL,2000,6.7299999999999995
17017,IL,2000,4.9799999999999995
17019,IL,2000,4.6
17021,IL,2000,6.14
17023,IL,2000,6.74
17025,IL,2000,6.92
17027,IL,2000,5.1899999999999995
17029,IL,2000,5.4
17031,IL,2000,6.7
17033,IL,2000,6.42
17035,IL,2000,6.18
17037,IL,2000,5.3
17039,IL,2000,5.8100000000000005
17041,IL,2000,5.09
17043,IL,2000,5.0200000000000005
17045,IL,2000,5.92
17047,IL,2000,5.37
17049,IL,2000,5.359999999999999
17051,IL,2000,7.209999999999999
17053,IL,2000,5.32
17055,IL,2000,8.28
17057,IL,2000,6.69
17059,IL,2000,7.12
17061,IL,2000,5.76
17063,IL,2000,7.2700000000000005
17065,IL,2000,6.2700000000000005
17067,IL,2000,6.220000000000001
17069,IL,2000,8.2
17071,IL,2000,6.220000000000001
17073,IL,2000,5.55
17075,IL,2000,5.74
17077,IL,2000,4.99
17079,IL,2000,6.04
17081,IL,2000,5.909999999999999
17083,IL,2000,5.779999999999999
17085,IL,2000,5.14
17087,IL,2000,6.75
17089,IL,2000,5.89
17091,IL,2000,6.970000000000001
17093,IL,2000,5.39
17095,IL,2000,6.63
17097,IL,2000,5.4
17099,IL,2000,7.01
17101,IL,2000,6.04
17103,IL,2000,5.82
17105,IL,2000,5.42
17107,IL,2000,5.71
17109,IL,2000,5.14
17111,IL,2000,5.4799999999999995
17113,IL,2000,4.2
17115,IL,2000,6.859999999999999
17117,IL,2000,6.31
17119,IL,2000,5.92
17121,IL,2000,7.81
17123,IL,2000,5.41
17125,IL,2000,7.38
17127,IL,2000,6.14
17129,IL,2000,4.75
17131,IL,2000,6.43
17133,IL,2000,4.529999999999999
17135,IL,2000,7.540000000000001
17137,IL,2000,5.5
17139,IL,2000,4.94
17141,IL,2000,6.44
17143,IL,2000,5.790000000000001
17145,IL,2000,7.88
17147,IL,2000,4.58
17149,IL,2000,5.55
17151,IL,2000,7.42
17153,IL,2000,8.25
17155,IL,2000,6.909999999999999
17157,IL,2000,5.83
17159,IL,2000,6.24
17161,IL,2000,5.37
17163,IL,2000,6.69
17165,IL,2000,7.01
17167,IL,2000,4.88
17169,IL,2000,4.93
17171,IL,2000,5.83
17173,IL,2000,5.95
17175,IL,2000,6.609999999999999
17177,IL,2000,6.4
17179,IL,2000,5.33
17181,IL,2000,7.390000000000001
17183,IL,2000,7.2700000000000005
17185,IL,2000,6.17
17187,IL,2000,5.41
17189,IL,2000,4.95
17191,IL,2000,5.9
17193,IL,2000,5.529999999999999
17195,IL,2000,6.35
17197,IL,2000,6.0200000000000005
17199,IL,2000,6.32
17201,IL,2000,7.390000000000001
17203,IL,2000,4.26
18000,IN,2000,5.45
18001,IN,2000,5.66
18003,IN,2000,5.39
18005,IN,2000,4.75
18007,IN,2000,5.21
18009,IN,2000,7.18
18011,IN,2000,4.0200000000000005
18013,IN,2000,5.3
18015,IN,2000,5.42
18017,IN,2000,6.13
18019,IN,2000,5.19
18021,IN,2000,6.49
18023,IN,2000,5.43
18025,IN,2000,7.19
18027,IN,2000,3.9799999999999995
18029,IN,2000,5.4799999999999995
18031,IN,2000,5.2
18033,IN,2000,6.36
18035,IN,2000,6.21
18037,IN,2000,3.84
18039,IN,2000,6.16
18041,IN,2000,8.47
18043,IN,2000,5.0
18045,IN,2000,5.7700000000000005
18047,IN,2000,6.0
18049,IN,2000,6.279999999999999
18051,IN,2000,4.91
18053,IN,2000,7.340000000000001
18055,IN,2000,6.109999999999999
18057,IN,2000,3.46
18059,IN,2000,4.29
18061,IN,2000,5.390000000000001
18063,IN,2000,3.94
18065,IN,2000,6.640000000000001
18067,IN,2000,6.970000000000001
18069,IN,2000,5.9
18071,IN,2000,5.090000000000001
18073,IN,2000,5.68
18075,IN,2000,5.970000000000001
18077,IN,2000,5.4399999999999995
18079,IN,2000,6.49
18081,IN,2000,4.18
18083,IN,2000,4.75
18085,IN,2000,5.26
18087,IN,2000,6.1899999999999995
18089,IN,2000,6.17
18091,IN,2000,6.3100000000000005
18093,IN,2000,7.56
18095,IN,2000,6.25
18097,IN,2000,5.2700000000000005
18099,IN,2000,5.959999999999999
18101,IN,2000,5.0200000000000005
18103,IN,2000,6.959999999999999
18105,IN,2000,4.35
18107,IN,2000,4.7
18109,IN,2000,4.86
18111,IN,2000,5.65
18113,IN,2000,6.970000000000001
18115,IN,2000,5.44
18117,IN,2000,7.140000000000001
18119,IN,2000,5.67
18121,IN,2000,5.87
18123,IN,2000,5.720000000000001
18125,IN,2000,5.29
18127,IN,2000,4.87
18129,IN,2000,4.64
18131,IN,2000,5.5600000000000005
18133,IN,2000,5.81
18135,IN,2000,6.7700000000000005
18137,IN,2000,5.17
18139,IN,2000,5.12
18141,IN,2000,5.7299999999999995
18143,IN,2000,6.409999999999999
18145,IN,2000,5.12
18147,IN,2000,5.25
18149,IN,2000,7.4
18151,IN,2000,6.790000000000001
18153,IN,2000,6.68
18155,IN,2000,4.76
18157,IN,2000,4.68
18159,IN,2000,5.96
18161,IN,2000,5.58
18163,IN,2000,4.95
18165,IN,2000,7.0
18167,IN,2000,6.33
18169,IN,2000,6.32
18171,IN,2000,4.7
18173,IN,2000,4.45
18175,IN,2000,6.34
18177,IN,2000,6.640000000000001
18179,IN,2000,5.0
18181,IN,2000,6.1
18183,IN,2000,5.68
19000,IA,2000,4.11
19001,IA,2000,3.7700000000000005
19003,IA,2000,4.71
19005,IA,2000,5.46
19007,IA,2000,5.7299999999999995
19009,IA,2000,4.11
19011,IA,2000,4.2
19013,IA,2000,4.14
19015,IA,2000,3.44
19017,IA,2000,3.55
19019,IA,2000,4.4
19021,IA,2000,3.4899999999999998
19023,IA,2000,4.59
19025,IA,2000,3.75
19027,IA,2000,2.8600000000000003
19029,IA,2000,4.63
19031,IA,2000,3.5700000000000003
19033,IA,2000,4.29
19035,IA,2000,3.8600000000000003
19037,IA,2000,5.790000000000001
19039,IA,2000,5.26
19041,IA,2000,3.81
19043,IA,2000,5.71
19045,IA,2000,4.779999999999999
19047,IA,2000,3.5
19049,IA,2000,3.1100000000000003
19051,IA,2000,5.07
19053,IA,2000,4.55
19055,IA,2000,4.35
19057,IA,2000,5.54
19059,IA,2000,4.220000000000001
19061,IA,2000,4.3100000000000005
19063,IA,2000,4.529999999999999
19065,IA,2000,5.15
19067,IA,2000,5.15
19069,IA,2000,4.34
19071,IA,2000,3.8200000000000003
19073,IA,2000,4.08
19075,IA,2000,3.5
19077,IA,2000,3.97
19079,IA,2000,3.94
19081,IA,2000,4.3100000000000005
19083,IA,2000,4.43
19085,IA,2000,4.1899999999999995
19087,IA,2000,5.42
19089,IA,2000,4.4799999999999995
19091,IA,2000,3.7399999999999998
19093,IA,2000,3.6100000000000003
19095,IA,2000,3.88
19097,IA,2000,5.35
19099,IA,2000,5.4
19101,IA,2000,5.0200000000000005
19103,IA,2000,2.91
19105,IA,2000,4.5600000000000005
19107,IA,2000,4.65
19109,IA,2000,3.84
19111,IA,2000,6.83
19113,IA,2000,4.11
19115,IA,2000,4.529999999999999
19117,IA,2000,4.5
19119,IA,2000,2.9
19121,IA,2000,4.38
19123,IA,2000,4.390000000000001
19125,IA,2000,4.05
19127,IA,2000,4.5600000000000005
19129,IA,2000,3.53
19131,IA,2000,3.78
19133,IA,2000,5.13
19135,IA,2000,4.85
19137,IA,2000,5.33
19139,IA,2000,4.25
19141,IA,2000,3.4
19143,IA,2000,3.69
19145,IA,2000,4.7700000000000005
19147,IA,2000,3.91
19149,IA,2000,3.4299999999999997
19151,IA,2000,4.09
19153,IA,2000,3.8600000000000003
19155,IA,2000,4.14
19157,IA,2000,4.279999999999999
19159,IA,2000,4.2299999999999995
19161,IA,2000,3.6399999999999997
19163,IA,2000,4.4799999999999995
19165,IA,2000,3.3
19167,IA,2000,2.82
19169,IA,2000,2.8600000000000003
19171,IA,2000,5.220000000000001
19173,IA,2000,4.26
19175,IA,2000,4.74
19177,IA,2000,5.15
19179,IA,2000,5.279999999999999
19181,IA,2000,3.54
19183,IA,2000,3.63
19185,IA,2000,4.34
19187,IA,2000,4.42
19189,IA,2000,4.25
19191,IA,2000,3.97
19193,IA,2000,4.17
19195,IA,2000,4.3
19197,IA,2000,4.26
20000,KS,2000,4.95
20001,KS,2000,5.3
20003,KS,2000,5.5
20005,KS,2000,5.51
20007,KS,2000,3.54
20009,KS,2000,3.97
20011,KS,2000,4.84
20013,KS,2000,4.85
20015,KS,2000,5.220000000000001
20017,KS,2000,4.14
20019,KS,2000,5.4
20021,KS,2000,6.19
20023,KS,2000,3.3899999999999997
20025,KS,2000,3.25
20027,KS,2000,3.9299999999999997
20029,KS,2000,3.7600000000000002
20031,KS,2000,5.220000000000001
20033,KS,2000,2.94
20035,KS,2000,5.38
20037,KS,2000,5.63
20039,KS,2000,3.17
20041,KS,2000,4.25
20043,KS,2000,6.94
20045,KS,2000,3.96
20047,KS,2000,3.3299999999999996
20049,KS,2000,5.81
20051,KS,2000,3.1399999999999997
20053,KS,2000,3.79
20055,KS,2000,4.0600000000000005
20057,KS,2000,3.28
20059,KS,2000,5.67
20061,KS,2000,5.7
20063,KS,2000,2.87
20065,KS,2000,3.45
20067,KS,2000,3.2700000000000005
20069,KS,2000,2.87
20071,KS,2000,3.59
20073,KS,2000,5.5
20075,KS,2000,3.29
20077,KS,2000,3.8200000000000003
20079,KS,2000,4.49
20081,KS,2000,2.96
20083,KS,2000,3.78
20085,KS,2000,5.54
20087,KS,2000,5.15
20089,KS,2000,3.15
20091,KS,2000,4.569999999999999
20093,KS,2000,3.7099999999999995
20095,KS,2000,4.24
20097,KS,2000,3.4799999999999995
20099,KS,2000,6.07
20101,KS,2000,3.66
20103,KS,2000,5.89
20105,KS,2000,4.18
20107,KS,2000,6.9799999999999995
20109,KS,2000,3.29
20111,KS,2000,4.58
20113,KS,2000,3.7
20115,KS,2000,4.08
20117,KS,2000,3.8899999999999997
20119,KS,2000,3.21
20121,KS,2000,5.05
20123,KS,2000,3.6799999999999997
20125,KS,2000,6.3
20127,KS,2000,4.7299999999999995
20129,KS,2000,3.12
20131,KS,2000,3.46
20133,KS,2000,5.11
20135,KS,2000,3.07
20137,KS,2000,3.66
20139,KS,2000,5.8100000000000005
20141,KS,2000,3.69
20143,KS,2000,4.13
20145,KS,2000,3.4200000000000004
20147,KS,2000,3.65
20149,KS,2000,4.01
20151,KS,2000,3.4
20153,KS,2000,3.66
20155,KS,2000,4.7299999999999995
20157,KS,2000,3.8
20159,KS,2000,4.2
20161,KS,2000,3.56
20163,KS,2000,4.46
20165,KS,2000,4.07
20167,KS,2000,4.39
20169,KS,2000,4.15
20171,KS,2000,2.82
20173,KS,2000,5.4399999999999995
20175,KS,2000,3.75
20177,KS,2000,5.08
20179,KS,2000,2.81
20181,KS,2000,3.2
20183,KS,2000,3.59
20185,KS,2000,3.9299999999999997
20187,KS,2000,2.96
20189,KS,2000,3.6699999999999995
20191,KS,2000,5.83
20193,KS,2000,3.1
20195,KS,2000,3.2299999999999995
20197,KS,2000,4.41
20199,KS,2000,3.34
20201,KS,2000,3.8299999999999996
20203,KS,2000,3.2399999999999998
20205,KS,2000,5.37
20207,KS,2000,6.25
20209,KS,2000,8.6
21000,KY,2000,6.11
21001,KY,2000,6.18
21003,KY,2000,7.109999999999999
21005,KY,2000,5.470000000000001
21007,KY,2000,6.970000000000001
21009,KY,2000,5.9399999999999995
21011,KY,2000,8.43
21013,KY,2000,8.41
21015,KY,2000,4.91
21017,KY,2000,5.54
21019,KY,2000,6.3
21021,KY,2000,6.88
21023,KY,2000,6.24
21025,KY,2000,7.82
21027,KY,2000,7.07
21029,KY,2000,5.89
21031,KY,2000,7.87
21033,KY,2000,5.93
21035,KY,2000,6.0600000000000005
21037,KY,2000,5.39
21039,KY,2000,7.01
21041,KY,2000,6.720000000000001
21043,KY,2000,8.82
21045,KY,2000,6.68
21047,KY,2000,7.109999999999999
21049,KY,2000,5.91
21051,KY,2000,9.620000000000001
21053,KY,2000,7.0
21055,KY,2000,6.840000000000001
21057,KY,2000,7.4799999999999995
21059,KY,2000,5.7700000000000005
21061,KY,2000,7.33
21063,KY,2000,9.27
21065,KY,2000,7.32
21067,KY,2000,4.529999999999999
21069,KY,2000,6.62
21071,KY,2000,7.43
21073,KY,2000,4.9
21075,KY,2000,8.22
21077,KY,2000,6.16
21079,KY,2000,6.2
21081,KY,2000,6.12
21083,KY,2000,7.4
21085,KY,2000,8.76
21087,KY,2000,6.51
21089,KY,2000,6.5200000000000005
21091,KY,2000,6.5200000000000005
21093,KY,2000,5.970000000000001
21095,KY,2000,8.73
21097,KY,2000,6.040000000000001
21099,KY,2000,6.24
21101,KY,2000,5.66
21103,KY,2000,5.61
21105,KY,2000,7.2700000000000005
21107,KY,2000,6.34
21109,KY,2000,9.53
21111,KY,2000,5.9399999999999995
21113,KY,2000,4.9
21115,KY,2000,6.85
21117,KY,2000,5.24
21119,KY,2000,7.2299999999999995
21121,KY,2000,7.32
21123,KY,2000,6.09
21125,KY,2000,6.15
21127,KY,2000,8.51
21129,KY,2000,7.85
21131,KY,2000,8.540000000000001
21133,KY,2000,8.0
21135,KY,2000,9.1
21137,KY,2000,7.32
21139,KY,2000,6.55
21141,KY,2000,6.44
21143,KY,2000,7.49
21145,KY,2000,5.87
21147,KY,2000,9.55
21149,KY,2000,7.0200000000000005
21151,KY,2000,5.33
21153,KY,2000,11.86
21155,KY,2000,6.3100000000000005
21157,KY,2000,6.909999999999999
21159,KY,2000,7.93
21161,KY,2000,5.88
21163,KY,2000,6.8
21165,KY,2000,9.07
21167,KY,2000,6.07
21169,KY,2000,6.49
21171,KY,2000,7.82
21173,KY,2000,6.92
21175,KY,2000,9.33
21177,KY,2000,8.32
21179,KY,2000,6.470000000000001
21181,KY,2000,7.590000000000001
21183,KY,2000,6.640000000000001
21185,KY,2000,4.79
21187,KY,2000,5.58
21189,KY,2000,7.93
21191,KY,2000,6.2
21193,KY,2000,7.7
21195,KY,2000,6.709999999999999
21197,KY,2000,8.290000000000001
21199,KY,2000,6.67
21201,KY,2000,5.970000000000001
21203,KY,2000,6.99
21205,KY,2000,5.89
21207,KY,2000,7.25
21209,KY,2000,5.14
21211,KY,2000,5.25
21213,KY,2000,6.16
21215,KY,2000,5.61
21217,KY,2000,5.87
21219,KY,2000,6.7
21221,KY,2000,6.959999999999999
21223,KY,2000,6.37
21225,KY,2000,6.290000000000001
21227,KY,2000,5.34
21229,KY,2000,6.5200000000000005
21231,KY,2000,7.359999999999999
21233,KY,2000,5.7700000000000005
21235,KY,2000,6.87
21237,KY,2000,9.8
21239,KY,2000,4.409999999999999
22000,LA,2000,5.57
22001,LA,2000,5.34
22003,LA,2000,7.37
22005,LA,2000,5.39
22007,LA,2000,6.58
22009,LA,2000,6.779999999999999
22011,LA,2000,6.09
22013,LA,2000,7.26
22015,LA,2000,5.04
22017,LA,2000,5.89
22019,LA,2000,5.35
22021,LA,2000,7.029999999999999
22023,LA,2000,4.84
22025,LA,2000,8.059999999999999
22027,LA,2000,6.5
22029,LA,2000,8.9
22031,LA,2000,6.92
22033,LA,2000,5.16
22035,LA,2000,11.24
22037,LA,2000,6.09
22039,LA,2000,6.34
22041,LA,2000,8.35
22043,LA,2000,6.119999999999999
22045,LA,2000,5.4799999999999995
22047,LA,2000,7.62
22049,LA,2000,5.9799999999999995
22051,LA,2000,4.75
22053,LA,2000,5.0
22055,LA,2000,4.1
22057,LA,2000,4.26
22059,LA,2000,5.74
22061,LA,2000,5.9399999999999995
22063,LA,2000,5.37
22065,LA,2000,8.59
22067,LA,2000,8.99
22069,LA,2000,6.279999999999999
22071,LA,2000,5.925
22073,LA,2000,5.3
22075,LA,2000,5.4125
22077,LA,2000,6.409999999999999
22079,LA,2000,5.36
22081,LA,2000,7.959999999999999
22083,LA,2000,7.32
22085,LA,2000,5.88
22087,LA,2000,5.35
22089,LA,2000,5.1875
22091,LA,2000,7.959999999999999
22093,LA,2000,8.55
22095,LA,2000,6.6125
22097,LA,2000,6.2
22099,LA,2000,5.34
22101,LA,2000,6.65
22103,LA,2000,4.3625
22105,LA,2000,6.5200000000000005
22107,LA,2000,9.02
22109,LA,2000,4.46
22111,LA,2000,6.2
22113,LA,2000,5.37
22115,LA,2000,5.59
22117,LA,2000,7.15
22119,LA,2000,6.58
22121,LA,2000,5.65
22123,LA,2000,10.930000000000001
22125,LA,2000,6.709999999999999
22127,LA,2000,6.5200000000000005
23000,ME,2000,4.9399999999999995
23001,ME,2000,5.0
23003,ME,2000,6.3100000000000005
23005,ME,2000,3.7
23007,ME,2000,6.2700000000000005
23009,ME,2000,5.42
23011,ME,2000,4.89
23013,ME,2000,4.33
23015,ME,2000,4.41
23017,ME,2000,6.13
23019,ME,2000,5.34
23021,ME,2000,7.540000000000001
23023,ME,2000,4.15
23025,ME,2000,7.38
23027,ME,2000,5.529999999999999
23029,ME,2000,8.05
23031,ME,2000,4.39
24000,MD,2000,4.64
24001,MD,2000,6.55
24003,MD,2000,4.04
24005,MD,2000,4.8100000000000005
24009,MD,2000,3.7600000000000002
24011,MD,2000,5.33
24013,MD,2000,3.88
24015,MD,2000,5.16
24017,MD,2000,3.7700000000000005
24019,MD,2000,6.92
24021,MD,2000,3.7600000000000002
24023,MD,2000,5.6
24025,MD,2000,4.45
24027,MD,2000,3.45
24029,MD,2000,4.85
24031,MD,2000,3.5100000000000002
24033,MD,2000,4.85
24035,MD,2000,4.0600000000000005
24037,MD,2000,3.84
24039,MD,2000,6.959999999999999
24041,MD,2000,4.41
24043,MD,2000,5.43
24045,MD,2000,5.1899999999999995
24047,MD,2000,7.33
24510,MD,2000,7.42
25000,MA,2000,5.0
25001,MA,2000,5.12
25003,MA,2000,4.65
25005,MA,2000,6.26
25007,MA,2000,3.96
25009,MA,2000,5.409999999999999
25011,MA,2000,4.38
25013,MA,2000,5.89
25015,MA,2000,3.9299999999999997
25017,MA,2000,4.3
25019,MA,2000,2.71
25021,MA,2000,4.39
25023,MA,2000,5.029999999999999
25025,MA,2000,5.29
25027,MA,2000,5.4
26000,MI,2000,7.13
26001,MI,2000,11.2
26003,MI,2000,8.15
26005,MI,2000,6.49
26007,MI,2000,8.58
26009,MI,2000,8.28
26011,MI,2000,9.83
26013,MI,2000,11.940000000000001
26015,MI,2000,5.75
26017,MI,2000,7.15
26019,MI,2000,7.92
26021,MI,2000,7.19
26023,MI,2000,7.35
26025,MI,2000,6.93
26027,MI,2000,5.67
26029,MI,2000,8.18
26031,MI,2000,10.24
26033,MI,2000,8.8
26035,MI,2000,9.86
26037,MI,2000,5.12
26039,MI,2000,7.790000000000001
26041,MI,2000,7.82
26043,MI,2000,6.45
26045,MI,2000,5.33
26047,MI,2000,8.41
26049,MI,2000,8.39
26051,MI,2000,9.790000000000001
26053,MI,2000,8.23
26055,MI,2000,6.409999999999999
26057,MI,2000,8.02
26059,MI,2000,8.33
26061,MI,2000,7.05
26063,MI,2000,8.59
26065,MI,2000,6.07
26067,MI,2000,7.55
26069,MI,2000,10.26
26071,MI,2000,7.7
26073,MI,2000,5.2
26075,MI,2000,7.42
26077,MI,2000,5.5200000000000005
26079,MI,2000,8.209999999999999
26081,MI,2000,6.279999999999999
26083,MI,2000,10.17
26085,MI,2000,10.17
26087,MI,2000,8.33
26089,MI,2000,5.37
26091,MI,2000,7.7700000000000005
26093,MI,2000,5.4
26095,MI,2000,8.209999999999999
26097,MI,2000,10.07
26099,MI,2000,7.24
26101,MI,2000,8.34
26103,MI,2000,6.49
26105,MI,2000,9.11
26107,MI,2000,7.35
26109,MI,2000,6.359999999999999
26111,MI,2000,5.87
26113,MI,2000,8.43
26115,MI,2000,6.76
26117,MI,2000,9.51
26119,MI,2000,12.49
26121,MI,2000,7.92
26123,MI,2000,8.09
26125,MI,2000,5.9399999999999995
26127,MI,2000,9.09
26129,MI,2000,8.6
26131,MI,2000,8.57
26133,MI,2000,8.25
26135,MI,2000,11.38
26137,MI,2000,8.24
26139,MI,2000,5.91
26141,MI,2000,11.91
26143,MI,2000,9.07
26145,MI,2000,7.790000000000001
26147,MI,2000,8.48
26149,MI,2000,7.2299999999999995
26151,MI,2000,9.24
26153,MI,2000,10.72
26155,MI,2000,8.01
26157,MI,2000,8.790000000000001
26159,MI,2000,7.140000000000001
26161,MI,2000,4.55
26163,MI,2000,8.43
26165,MI,2000,9.18
27000,MN,2000,4.68
27001,MN,2000,6.99
27003,MN,2000,4.59
27005,MN,2000,5.88
27007,MN,2000,5.7299999999999995
27009,MN,2000,5.2
27011,MN,2000,4.7299999999999995
27013,MN,2000,3.8299999999999996
27015,MN,2000,4.92
27017,MN,2000,6.11
27019,MN,2000,4.0600000000000005
27021,MN,2000,7.0200000000000005
27023,MN,2000,4.99
27025,MN,2000,5.68
27027,MN,2000,3.6
27029,MN,2000,10.78
27031,MN,2000,4.93
27033,MN,2000,4.62
27035,MN,2000,5.66
27037,MN,2000,4.11
27039,MN,2000,4.35
27041,MN,2000,4.1899999999999995
27043,MN,2000,5.3
27045,MN,2000,4.86
27047,MN,2000,5.18
27049,MN,2000,4.76
27051,MN,2000,6.07
27053,MN,2000,4.3100000000000005
27055,MN,2000,5.109999999999999
27057,MN,2000,6.18
27059,MN,2000,5.64
27061,MN,2000,7.090000000000001
27063,MN,2000,3.85
27065,MN,2000,7.94
27067,MN,2000,4.36
27069,MN,2000,5.9799999999999995
27071,MN,2000,6.640000000000001
27073,MN,2000,4.279999999999999
27075,MN,2000,5.09
27077,MN,2000,5.0200000000000005
27079,MN,2000,6.16
27081,MN,2000,4.16
27083,MN,2000,3.91
27085,MN,2000,4.909999999999999
27087,MN,2000,6.11
27089,MN,2000,7.8
27091,MN,2000,4.61
27093,MN,2000,5.77
27095,MN,2000,7.35
27097,MN,2000,6.33
27099,MN,2000,4.1899999999999995
27101,MN,2000,4.3100000000000005
27103,MN,2000,3.7399999999999998
27105,MN,2000,3.66
27107,MN,2000,5.05
27109,MN,2000,3.87
27111,MN,2000,5.32
27113,MN,2000,6.32
27115,MN,2000,7.19
27117,MN,2000,3.96
27119,MN,2000,5.01
27121,MN,2000,4.33
27123,MN,2000,4.5200000000000005
27125,MN,2000,7.82
27127,MN,2000,4.5
27129,MN,2000,5.37
27131,MN,2000,4.9
27133,MN,2000,3.3299999999999996
27135,MN,2000,5.45
27137,MN,2000,5.87
27139,MN,2000,4.16
27141,MN,2000,5.05
27143,MN,2000,4.89
27145,MN,2000,4.68
27147,MN,2000,4.659999999999999
27149,MN,2000,3.91
27151,MN,2000,5.0600000000000005
27153,MN,2000,5.459999999999999
27155,MN,2000,4.779999999999999
27157,MN,2000,4.39
27159,MN,2000,7.029999999999999
27161,MN,2000,4.7299999999999995
27163,MN,2000,4.08
27165,MN,2000,4.92
27167,MN,2000,3.94
27169,MN,2000,4.38
27171,MN,2000,5.05
27173,MN,2000,4.89
28000,MS,2000,6.57
28001,MS,2000,7.339999999999999
28003,MS,2000,7.2299999999999995
28005,MS,2000,7.0200000000000005
28007,MS,2000,8.24
28009,MS,2000,9.7
28011,MS,2000,8.41
28013,MS,2000,7.81
28015,MS,2000,6.67
28017,MS,2000,9.34
28019,MS,2000,8.95
28021,MS,2000,10.690000000000001
28023,MS,2000,8.7
28025,MS,2000,10.86
28027,MS,2000,9.02
28029,MS,2000,7.109999999999999
28031,MS,2000,5.89
28033,MS,2000,3.97
28035,MS,2000,5.5
28037,MS,2000,7.890000000000001
28039,MS,2000,8.6
28041,MS,2000,8.77
28043,MS,2000,7.08
28045,MS,2000,6.26
28047,MS,2000,6.279999999999999
28049,MS,2000,5.81
28051,MS,2000,12.370000000000001
28053,MS,2000,9.629999999999999
28055,MS,2000,10.22
28057,MS,2000,6.7700000000000005
28059,MS,2000,6.68
28061,MS,2000,7.18
28063,MS,2000,13.15
28065,MS,2000,8.07
28067,MS,2000,5.220000000000001
28069,MS,2000,8.83
28071,MS,2000,5.09
28073,MS,2000,4.5
28075,MS,2000,6.65
28077,MS,2000,7.720000000000001
28079,MS,2000,6.63
28081,MS,2000,6.220000000000001
28083,MS,2000,9.36
28085,MS,2000,6.709999999999999
28087,MS,2000,7.340000000000001
28089,MS,2000,4.8100000000000005
28091,MS,2000,6.7700000000000005
28093,MS,2000,7.720000000000001
28095,MS,2000,8.75
28097,MS,2000,9.08
28099,MS,2000,5.83
28101,MS,2000,6.15
28103,MS,2000,11.75
28105,MS,2000,5.9399999999999995
28107,MS,2000,8.52
28109,MS,2000,6.2700000000000005
28111,MS,2000,7.359999999999999
28113,MS,2000,7.220000000000001
28115,MS,2000,6.2
28117,MS,2000,7.24
28119,MS,2000,8.85
28121,MS,2000,4.16
28123,MS,2000,5.35
28125,MS,2000,9.6
28127,MS,2000,5.7
28129,MS,2000,5.6899999999999995
28131,MS,2000,6.11
28133,MS,2000,9.9
28135,MS,2000,8.78
28137,MS,2000,6.13
28139,MS,2000,7.890000000000001
28141,MS,2000,8.57
28143,MS,2000,8.809999999999999
28145,MS,2000,6.38
28147,MS,2000,7.4
28149,MS,2000,6.26
28151,MS,2000,9.66
28153,MS,2000,7.470000000000001
28155,MS,2000,9.61
28157,MS,2000,8.940000000000001
28159,MS,2000,8.620000000000001
28161,MS,2000,8.24
28163,MS,2000,8.290000000000001
29000,MO,2000,5.540000000000001
29001,MO,2000,4.64
29003,MO,2000,4.79
29005,MO,2000,4.33
29007,MO,2000,5.45
29009,MO,2000,5.01
29011,MO,2000,5.95
29013,MO,2000,6.33
29015,MO,2000,6.540000000000001
29017,MO,2000,6.21
29019,MO,2000,3.71
29021,MO,2000,5.470000000000001
29023,MO,2000,5.8
29025,MO,2000,5.8
29027,MO,2000,4.720000000000001
29029,MO,2000,5.68
29031,MO,2000,4.49
29033,MO,2000,5.62
29035,MO,2000,6.709999999999999
29037,MO,2000,5.1899999999999995
29039,MO,2000,5.95
29041,MO,2000,5.88
29043,MO,2000,4.63
29045,MO,2000,6.42
29047,MO,2000,4.63
29049,MO,2000,5.4399999999999995
29051,MO,2000,4.08
29053,MO,2000,5.05
29055,MO,2000,6.6
29057,MO,2000,5.29
29059,MO,2000,6.24
29061,MO,2000,5.1
29063,MO,2000,5.91
29065,MO,2000,6.659999999999999
29067,MO,2000,6.63
29069,MO,2000,7.32
29071,MO,2000,6.14
29073,MO,2000,6.17
29075,MO,2000,4.46
29077,MO,2000,4.56
29079,MO,2000,5.21
29081,MO,2000,4.89
29083,MO,2000,6.15
29085,MO,2000,8.15
29087,MO,2000,4.779999999999999
29089,MO,2000,4.82
29091,MO,2000,5.24
29093,MO,2000,6.82
29095,MO,2000,6.279999999999999
29097,MO,2000,5.05
29099,MO,2000,5.66
29101,MO,2000,4.82
29103,MO,2000,4.3100000000000005
29105,MO,2000,6.62
29107,MO,2000,5.45
29109,MO,2000,4.76
29111,MO,2000,4.86
29113,MO,2000,6.0600000000000005
29115,MO,2000,7.07
29117,MO,2000,4.75
29119,MO,2000,4.779999999999999
29121,MO,2000,5.62
29123,MO,2000,6.43
29125,MO,2000,5.24
29127,MO,2000,5.58
29129,MO,2000,4.68
29131,MO,2000,6.279999999999999
29133,MO,2000,7.090000000000001
29135,MO,2000,4.970000000000001
29137,MO,2000,6.25
29139,MO,2000,6.13
29141,MO,2000,6.859999999999999
29143,MO,2000,7.37
29145,MO,2000,5.39
29147,MO,2000,3.7299999999999995
29149,MO,2000,5.55
29151,MO,2000,5.029999999999999
29153,MO,2000,5.71
29155,MO,2000,7.959999999999999
29157,MO,2000,4.14
29159,MO,2000,5.720000000000001
29161,MO,2000,4.76
29163,MO,2000,5.4399999999999995
29165,MO,2000,4.33
29167,MO,2000,5.3100000000000005
29169,MO,2000,5.5
29171,MO,2000,5.029999999999999
29173,MO,2000,5.45
29175,MO,2000,5.68
29177,MO,2000,5.67
29179,MO,2000,8.14
29181,MO,2000,6.459999999999999
29183,MO,2000,4.5200000000000005
29185,MO,2000,6.33
29186,MO,2000,5.36
29187,MO,2000,6.83
29189,MO,2000,5.24
29195,MO,2000,5.2
29197,MO,2000,5.91
29199,MO,2000,4.68
29201,MO,2000,5.89
29203,MO,2000,7.55
29205,MO,2000,5.63
29207,MO,2000,6.2700000000000005
29209,MO,2000,7.9799999999999995
29211,MO,2000,5.86
29213,MO,2000,8.379999999999999
29215,MO,2000,6.4799999999999995
29217,MO,2000,4.92
29219,MO,2000,5.92
29221,MO,2000,8.78
29223,MO,2000,7.05
29225,MO,2000,5.2299999999999995
29227,MO,2000,4.5200000000000005
29229,MO,2000,6.5
29510,MO,2000,7.9
30000,MT,2000,4.58
30001,MT,2000,3.69
30003,MT,2000,9.22
30005,MT,2000,4.5200000000000005
30007,MT,2000,4.51
30009,MT,2000,3.95
30011,MT,2000,3.34
30013,MT,2000,4.3
30015,MT,2000,3.44
30017,MT,2000,3.9699999999999998
30019,MT,2000,3.9200000000000004
30021,MT,2000,3.59
30023,MT,2000,6.2
30025,MT,2000,2.8
30027,MT,2000,4.83
30029,MT,2000,5.8
30031,MT,2000,3.6399999999999997
30033,MT,2000,3.55
30035,MT,2000,7.82
30037,MT,2000,4.95
30039,MT,2000,6.12
30041,MT,2000,4.45
30043,MT,2000,4.36
30045,MT,2000,4.3100000000000005
30047,MT,2000,6.38
30049,MT,2000,3.8899999999999997
30051,MT,2000,3.9
30053,MT,2000,9.58
30055,MT,2000,2.95
30057,MT,2000,4.26
30059,MT,2000,5.84
30061,MT,2000,6.56
30063,MT,2000,4.13
30065,MT,2000,5.65
30067,MT,2000,4.7700000000000005
30069,MT,2000,5.38
30071,MT,2000,4.46
30073,MT,2000,4.8100000000000005
30075,MT,2000,3.63
30077,MT,2000,6.26
30079,MT,2000,4.54
30081,MT,2000,5.6
30083,MT,2000,3.9299999999999997
30085,MT,2000,6.45
30087,MT,2000,5.73
30089,MT,2000,7.95
30091,MT,2000,3.7299999999999995
30093,MT,2000,4.87
30095,MT,2000,3.97
30097,MT,2000,2.68
30099,MT,2000,3.88
30101,MT,2000,3.41
30103,MT,2000,4.05
30105,MT,2000,4.09
30107,MT,2000,4.32
30109,MT,2000,3.7
30111,MT,2000,3.6
31000,NE,2000,3.5
31001,NE,2000,3.4299999999999997
31003,NE,2000,3.12
31005,NE,2000,4.01
31007,NE,2000,2.7
31009,NE,2000,3.75
31011,NE,2000,2.93
31013,NE,2000,4.2
31015,NE,2000,3.31
31017,NE,2000,3.18
31019,NE,2000,2.62
31021,NE,2000,4.51
31023,NE,2000,3.44
31025,NE,2000,3.71
31027,NE,2000,2.7
31029,NE,2000,2.6
31031,NE,2000,2.42
31033,NE,2000,2.92
31035,NE,2000,3.3899999999999997
31037,NE,2000,2.73
31039,NE,2000,2.81
31041,NE,2000,2.63
31043,NE,2000,4.2700000000000005
31045,NE,2000,3.15
31047,NE,2000,3.7700000000000005
31049,NE,2000,2.96
31051,NE,2000,3.31
31053,NE,2000,4.0
31055,NE,2000,3.9799999999999995
31057,NE,2000,3.1900000000000004
31059,NE,2000,3.17
31061,NE,2000,3.18
31063,NE,2000,2.56
31065,NE,2000,3.16
31067,NE,2000,4.1
31069,NE,2000,3.25
31071,NE,2000,2.84
31073,NE,2000,3.21
31075,NE,2000,2.68
31077,NE,2000,3.21
31079,NE,2000,3.6100000000000003
31081,NE,2000,2.7600000000000002
31083,NE,2000,2.97
31085,NE,2000,3.45
31087,NE,2000,3.5799999999999996
31089,NE,2000,2.8600000000000003
31091,NE,2000,3.5
31093,NE,2000,3.3299999999999996
31095,NE,2000,3.8899999999999997
31097,NE,2000,3.53
31099,NE,2000,2.67
31101,NE,2000,3.1
31103,NE,2000,3.4299999999999997
31105,NE,2000,2.96
31107,NE,2000,3.37
31109,NE,2000,3.16
31111,NE,2000,3.2299999999999995
31113,NE,2000,2.57
31115,NE,2000,3.7700000000000005
31117,NE,2000,2.19
31119,NE,2000,3.69
31121,NE,2000,3.47
31123,NE,2000,3.37
31125,NE,2000,3.5799999999999996
31127,NE,2000,4.2700000000000005
31129,NE,2000,3.07
31131,NE,2000,3.69
31133,NE,2000,3.4899999999999998
31135,NE,2000,2.44
31137,NE,2000,2.73
31139,NE,2000,3.2299999999999995
31141,NE,2000,3.54
31143,NE,2000,3.04
31145,NE,2000,3.1
31147,NE,2000,4.9
31149,NE,2000,2.92
31151,NE,2000,3.17
31153,NE,2000,3.16
31155,NE,2000,3.55
31157,NE,2000,4.11
31159,NE,2000,3.0
31161,NE,2000,2.83
31163,NE,2000,3.02
31165,NE,2000,2.69
31167,NE,2000,3.07
31169,NE,2000,3.1100000000000003
31171,NE,2000,4.01
31173,NE,2000,7.33
31175,NE,2000,2.96
31177,NE,2000,3.11
31179,NE,2000,2.88
31181,NE,2000,3.34
31183,NE,2000,2.6399999999999997
31185,NE,2000,3.1100000000000003
32000,NV,2000,5.6
32001,NV,2000,5.34
32003,NV,2000,5.68
32005,NV,2000,5.65
32007,NV,2000,4.2700000000000005
32009,NV,2000,5.65
32011,NV,2000,4.4799999999999995
32013,NV,2000,4.79
32015,NV,2000,4.93
32017,NV,2000,5.4399999999999995
32019,NV,2000,7.2299999999999995
32021,NV,2000,6.779999999999999
32023,NV,2000,7.7
32027,NV,2000,5.5
32029,NV,2000,5.01
32031,NV,2000,5.2
32033,NV,2000,4.35
32510,NV,2000,5.79
33000,NH,2000,3.9299999999999997
33001,NH,2000,3.78
33003,NH,2000,3.54
33005,NH,2000,3.53
33007,NH,2000,5.119999999999999
33009,NH,2000,3.09
33011,NH,2000,4.029999999999999
33013,NH,2000,3.4299999999999997
33015,NH,2000,4.49
33017,NH,2000,3.7299999999999995
33019,NH,2000,3.3200000000000003
34000,NJ,2000,5.2
34001,NJ,2000,6.26
34003,NJ,2000,4.42
34005,NJ,2000,4.529999999999999
34007,NJ,2000,5.57
34009,NJ,2000,7.470000000000001
34011,NJ,2000,7.43
34013,NJ,2000,6.39
34015,NJ,2000,5.0600000000000005
34017,NJ,2000,6.38
34019,NJ,2000,3.65
34021,NJ,2000,4.58
34023,NJ,2000,4.87
34025,NJ,2000,4.7
34027,NJ,2000,3.9200000000000004
34029,NJ,2000,5.34
34031,NJ,2000,6.459999999999999
34033,NJ,2000,5.66
34035,NJ,2000,4.0
34037,NJ,2000,4.64
34039,NJ,2000,5.5200000000000005
34041,NJ,2000,4.59
35000,NM,2000,5.14
35001,NM,2000,4.6899999999999995
35003,NM,2000,6.4799999999999995
35005,NM,2000,5.67
35006,NM,2000,5.67
35007,NM,2000,5.2299999999999995
35009,NM,2000,4.01
35011,NM,2000,5.25
35013,NM,2000,5.720000000000001
35015,NM,2000,4.75
35017,NM,2000,7.15
35019,NM,2000,6.959999999999999
35021,NM,2000,4.1899999999999995
35023,NM,2000,5.18
35025,NM,2000,4.4799999999999995
35027,NM,2000,4.14
35028,NM,2000,2.66
35029,NM,2000,14.11
35031,NM,2000,6.279999999999999
35033,NM,2000,10.09
35035,NM,2000,5.09
35037,NM,2000,5.4
35039,NM,2000,6.01
35041,NM,2000,3.75
35043,NM,2000,5.33
35045,NM,2000,5.41
35047,NM,2000,5.779999999999999
35049,NM,2000,4.01
35051,NM,2000,4.84
35053,NM,2000,4.49
35055,NM,2000,6.529999999999999
35057,NM,2000,5.4399999999999995
35059,NM,2000,3.5799999999999996
35061,NM,2000,5.3
36000,NY,2000,5.55
36001,NY,2000,4.2299999999999995
36003,NY,2000,5.9799999999999995
36005,NY,2000,8.379999999999999
36007,NY,2000,5.290000000000001
36009,NY,2000,5.75
36011,NY,2000,5.15
36013,NY,2000,5.32
36015,NY,2000,5.7700000000000005
36017,NY,2000,5.58
36019,NY,2000,5.88
36021,NY,2000,4.37
36023,NY,2000,5.86
36025,NY,2000,5.01
36027,NY,2000,4.37
36029,NY,2000,5.45
36031,NY,2000,5.79
36033,NY,2000,6.33
36035,NY,2000,5.8100000000000005
36037,NY,2000,5.1899999999999995
36039,NY,2000,5.3100000000000005
36041,NY,2000,5.54
36043,NY,2000,5.470000000000001
36045,NY,2000,6.57
36047,NY,2000,7.08
36049,NY,2000,6.279999999999999
36051,NY,2000,5.5200000000000005
36053,NY,2000,5.31
36055,NY,2000,5.05
36057,NY,2000,6.15
36059,NY,2000,4.4
36061,NY,2000,5.86
36063,NY,2000,6.18
36065,NY,2000,5.0600000000000005
36067,NY,2000,4.83
36069,NY,2000,4.84
36071,NY,2000,4.7
36073,NY,2000,6.279999999999999
36075,NY,2000,6.529999999999999
36077,NY,2000,4.95
36079,NY,2000,3.9899999999999998
36081,NY,2000,5.85
36083,NY,2000,4.65
36085,NY,2000,5.82
36087,NY,2000,4.36
36089,NY,2000,6.720000000000001
36091,NY,2000,4.029999999999999
36093,NY,2000,4.5
36095,NY,2000,5.6899999999999995
36097,NY,2000,5.9
36099,NY,2000,5.14
36101,NY,2000,6.2
36103,NY,2000,4.58
36105,NY,2000,5.470000000000001
36107,NY,2000,5.1
36109,NY,2000,3.9299999999999997
36111,NY,2000,4.720000000000001
36113,NY,2000,5.08
36115,NY,2000,4.74
36117,NY,2000,5.4799999999999995
36119,NY,2000,4.41
36121,NY,2000,5.8
36123,NY,2000,4.62
37000,NC,2000,6.18
37001,NC,2000,6.68
37003,NC,2000,6.8
37005,NC,2000,7.7299999999999995
37007,NC,2000,9.08
37009,NC,2000,7.159999999999999
37011,NC,2000,5.93
37013,NC,2000,7.85
37015,NC,2000,7.9
37017,NC,2000,8.33
37019,NC,2000,6.24
37021,NC,2000,4.82
37023,NC,2000,7.589999999999999
37025,NC,2000,5.91
37027,NC,2000,8.23
37029,NC,2000,4.75
37031,NC,2000,5.45
37033,NC,2000,8.08
37035,NC,2000,7.3
37037,NC,2000,4.779999999999999
37039,NC,2000,8.49
37041,NC,2000,6.44
37043,NC,2000,5.63
37045,NC,2000,8.629999999999999
37047,NC,2000,8.01
37049,NC,2000,5.84
37051,NC,2000,6.26
37053,NC,2000,3.7299999999999995
37055,NC,2000,5.82
37057,NC,2000,6.99
37059,NC,2000,5.9399999999999995
37061,NC,2000,6.39
37063,NC,2000,4.9799999999999995
37065,NC,2000,9.74
37067,NC,2000,5.49
37069,NC,2000,5.85
37071,NC,2000,7.6
37073,NC,2000,4.74
37075,NC,2000,9.33
37077,NC,2000,6.88
37079,NC,2000,6.859999999999999
37081,NC,2000,5.970000000000001
37083,NC,2000,8.83
37085,NC,2000,6.5
37087,NC,2000,5.590000000000001
37089,NC,2000,4.84
37091,NC,2000,6.7299999999999995
37093,NC,2000,6.590000000000001
37095,NC,2000,6.970000000000001
37097,NC,2000,6.35
37099,NC,2000,4.970000000000001
37101,NC,2000,5.3100000000000005
37103,NC,2000,6.09
37105,NC,2000,7.19
37107,NC,2000,7.38
37109,NC,2000,7.0
37111,NC,2000,7.9
37113,NC,2000,5.59
37115,NC,2000,5.65
37117,NC,2000,7.08
37119,NC,2000,5.7
37121,NC,2000,8.28
37123,NC,2000,7.959999999999999
37125,NC,2000,6.0
37127,NC,2000,7.140000000000001
37129,NC,2000,5.33
37131,NC,2000,7.88
37133,NC,2000,5.91
37135,NC,2000,4.09
37137,NC,2000,5.71
37139,NC,2000,5.82
37141,NC,2000,6.16
37143,NC,2000,5.970000000000001
37145,NC,2000,7.409999999999999
37147,NC,2000,6.42
37149,NC,2000,4.9399999999999995
37151,NC,2000,6.08
37153,NC,2000,9.17
37155,NC,2000,8.42
37157,NC,2000,7.8
37159,NC,2000,7.1
37161,NC,2000,9.11
37163,NC,2000,5.7
37165,NC,2000,10.84
37167,NC,2000,6.85
37169,NC,2000,5.859999999999999
37171,NC,2000,7.13
37173,NC,2000,8.24
37175,NC,2000,6.159999999999999
37177,NC,2000,7.9
37179,NC,2000,5.220000000000001
37181,NC,2000,9.540000000000001
37183,NC,2000,4.7700000000000005
37185,NC,2000,8.370000000000001
37187,NC,2000,7.8
37189,NC,2000,4.5200000000000005
37191,NC,2000,5.89
37193,NC,2000,7.1
37195,NC,2000,8.190000000000001
37197,NC,2000,5.75
37199,NC,2000,7.75
38000,ND,2000,3.25
38001,ND,2000,2.77
38003,ND,2000,3.2399999999999998
38005,ND,2000,5.6899999999999995
38007,ND,2000,2.46
38009,ND,2000,3.7600000000000002
38011,ND,2000,2.2199999999999998
38013,ND,2000,2.87
38015,ND,2000,2.73
38017,ND,2000,2.62
38019,ND,2000,3.34
38021,ND,2000,2.87
38023,ND,2000,3.2
38025,ND,2000,3.45
38027,ND,2000,4.88
38029,ND,2000,5.029999999999999
38031,ND,2000,3.1399999999999997
38033,ND,2000,2.8
38035,ND,2000,3.05
38037,ND,2000,3.6
38039,ND,2000,2.7199999999999998
38041,ND,2000,3.4200000000000004
38043,ND,2000,4.92
38045,ND,2000,3.2399999999999998
38047,ND,2000,3.34
38049,ND,2000,5.24
38051,ND,2000,2.9
38053,ND,2000,3.15
38055,ND,2000,4.8100000000000005
38057,ND,2000,4.21
38059,ND,2000,3.44
38061,ND,2000,4.92
38063,ND,2000,3.84
38065,ND,2000,4.029999999999999
38067,ND,2000,5.8
38069,ND,2000,4.41
38071,ND,2000,3.72
38073,ND,2000,3.41
38075,ND,2000,2.83
38077,ND,2000,3.4200000000000004
38079,ND,2000,9.540000000000001
38081,ND,2000,3.88
38083,ND,2000,5.220000000000001
38085,ND,2000,5.64
38087,ND,2000,2.21
38089,ND,2000,2.79
38091,ND,2000,2.27
38093,ND,2000,2.9699999999999998
38095,ND,2000,3.6700000000000004
38097,ND,2000,3.4
38099,ND,2000,4.16
38101,ND,2000,3.2700000000000005
38103,ND,2000,4.42
38105,ND,2000,2.3899999999999997
39000,OH,2000,6.05
39001,OH,2000,9.27
39003,OH,2000,6.76
39005,OH,2000,6.7700000000000005
39007,OH,2000,7.7299999999999995
39009,OH,2000,6.4799999999999995
39011,OH,2000,5.4
39013,OH,2000,6.68
39015,OH,2000,7.390000000000001
39017,OH,2000,5.63
39019,OH,2000,7.2700000000000005
39021,OH,2000,6.38
39023,OH,2000,6.74
39025,OH,2000,5.65
39027,OH,2000,6.09
39029,OH,2000,7.38
39031,OH,2000,7.81
39033,OH,2000,7.75
39035,OH,2000,5.34
39037,OH,2000,6.32
39039,OH,2000,6.659999999999999
39041,OH,2000,4.29
39043,OH,2000,6.6
39045,OH,2000,5.359999999999999
39047,OH,2000,5.85
39049,OH,2000,5.21
39051,OH,2000,6.909999999999999
39053,OH,2000,7.4
39055,OH,2000,4.21
39057,OH,2000,5.6899999999999995
39059,OH,2000,7.640000000000001
39061,OH,2000,5.57
39063,OH,2000,5.3100000000000005
39065,OH,2000,6.56
39067,OH,2000,7.06
39069,OH,2000,6.93
39071,OH,2000,6.99
39073,OH,2000,7.359999999999999
39075,OH,2000,4.34
39077,OH,2000,8.45
39079,OH,2000,8.14
39081,OH,2000,7.55
39083,OH,2000,5.92
39085,OH,2000,4.71
39087,OH,2000,6.5200000000000005
39089,OH,2000,5.779999999999999
39091,OH,2000,5.76
39093,OH,2000,5.459999999999999
39095,OH,2000,7.340000000000001
39097,OH,2000,5.709999999999999
39099,OH,2000,7.37
39101,OH,2000,6.409999999999999
39103,OH,2000,4.470000000000001
39105,OH,2000,9.94
39107,OH,2000,4.93
39109,OH,2000,6.1
39111,OH,2000,9.620000000000001
39113,OH,2000,6.65
39115,OH,2000,9.98
39117,OH,2000,6.409999999999999
39119,OH,2000,7.970000000000001
39121,OH,2000,8.42
39123,OH,2000,8.07
39125,OH,2000,6.340000000000001
39127,OH,2000,8.11
39129,OH,2000,6.69
39131,OH,2000,10.02
39133,OH,2000,5.88
39135,OH,2000,6.45
39137,OH,2000,5.74
39139,OH,2000,7.2299999999999995
39141,OH,2000,7.459999999999999
39143,OH,2000,6.640000000000001
39145,OH,2000,8.65
39147,OH,2000,6.74
39149,OH,2000,5.86
39151,OH,2000,6.540000000000001
39153,OH,2000,6.08
39155,OH,2000,7.540000000000001
39157,OH,2000,6.16
39159,OH,2000,4.88
39161,OH,2000,6.720000000000001
39163,OH,2000,8.91
39165,OH,2000,5.12
39167,OH,2000,6.14
39169,OH,2000,5.38
39171,OH,2000,7.1
39173,OH,2000,5.970000000000001
39175,OH,2000,6.6
40000,OK,2000,4.37
40001,OK,2000,5.26
40003,OK,2000,3.75
40005,OK,2000,5.39
40007,OK,2000,2.93
40009,OK,2000,3.3200000000000003
40011,OK,2000,4.3
40013,OK,2000,3.75
40015,OK,2000,4.9399999999999995
40017,OK,2000,3.7600000000000002
40019,OK,2000,4.16
40021,OK,2000,4.14
40023,OK,2000,5.8
40025,OK,2000,3.22
40027,OK,2000,3.6100000000000003
40029,OK,2000,6.970000000000001
40031,OK,2000,4.14
40033,OK,2000,3.5700000000000003
40035,OK,2000,4.51
40037,OK,2000,5.029999999999999
40039,OK,2000,3.18
40041,OK,2000,4.6899999999999995
40043,OK,2000,3.18
40045,OK,2000,2.88
40047,OK,2000,3.31
40049,OK,2000,4.0
40051,OK,2000,4.37
40053,OK,2000,3.21
40055,OK,2000,5.3
40057,OK,2000,3.6799999999999997
40059,OK,2000,2.95
40061,OK,2000,4.9399999999999995
40063,OK,2000,6.94
40065,OK,2000,3.55
40067,OK,2000,5.21
40069,OK,2000,4.83
40071,OK,2000,5.18
40073,OK,2000,2.94
40075,OK,2000,4.24
40077,OK,2000,5.89
40079,OK,2000,5.76
40081,OK,2000,4.54
40083,OK,2000,3.71
40085,OK,2000,4.1
40087,OK,2000,4.01
40089,OK,2000,6.83
40091,OK,2000,5.84
40093,OK,2000,3.0200000000000005
40095,OK,2000,4.71
40097,OK,2000,5.33
40099,OK,2000,3.79
40101,OK,2000,5.5200000000000005
40103,OK,2000,4.029999999999999
40105,OK,2000,5.2
40107,OK,2000,5.9399999999999995
40109,OK,2000,4.43
40111,OK,2000,6.04
40113,OK,2000,4.71
40115,OK,2000,5.4399999999999995
40117,OK,2000,5.14
40119,OK,2000,3.7299999999999995
40121,OK,2000,4.8
40123,OK,2000,4.220000000000001
40125,OK,2000,4.68
40127,OK,2000,5.74
40129,OK,2000,2.77
40131,OK,2000,4.17
40133,OK,2000,6.459999999999999
40135,OK,2000,5.92
40137,OK,2000,4.279999999999999
40139,OK,2000,3.29
40141,OK,2000,4.4799999999999995
40143,OK,2000,4.2700000000000005
40145,OK,2000,4.08
40147,OK,2000,3.94
40149,OK,2000,3.35
40151,OK,2000,5.41
40153,OK,2000,3.47
41000,OR,2000,6.83
41001,OR,2000,7.93
41003,OR,2000,5.0600000000000005
41005,OR,2000,6.0600000000000005
41007,OR,2000,6.13
41009,OR,2000,8.03
41011,OR,2000,8.42
41013,OR,2000,8.89
41015,OR,2000,7.88
41017,OR,2000,7.159999999999999
41019,OR,2000,9.15
41021,OR,2000,5.62
41023,OR,2000,9.76
41025,OR,2000,9.959999999999999
41027,OR,2000,6.74
41029,OR,2000,7.18
41031,OR,2000,7.45
41033,OR,2000,8.5
41035,OR,2000,8.76
41037,OR,2000,8.95
41039,OR,2000,6.959999999999999
41041,OR,2000,7.359999999999999
41043,OR,2000,8.35
41045,OR,2000,8.290000000000001
41047,OR,2000,6.93
41049,OR,2000,7.389999999999999
41051,OR,2000,6.659999999999999
41053,OR,2000,6.029999999999999
41055,OR,2000,7.82
41057,OR,2000,6.34
41059,OR,2000,7.31
41061,OR,2000,6.99
41063,OR,2000,8.3
41065,OR,2000,7.409999999999999
41067,OR,2000,5.7700000000000005
41069,OR,2000,7.140000000000001
41071,OR,2000,6.74
42000,PA,2000,5.33
42001,PA,2000,4.17
42003,PA,2000,5.01
42005,PA,2000,6.43
42007,PA,2000,5.59
42009,PA,2000,7.26
42011,PA,2000,5.37
42013,PA,2000,5.33
42015,PA,2000,5.26
42017,PA,2000,4.5600000000000005
42019,PA,2000,5.01
42021,PA,2000,6.55
42023,PA,2000,8.3
42025,PA,2000,6.590000000000001
42027,PA,2000,4.18
42029,PA,2000,3.87
42031,PA,2000,5.7
42033,PA,2000,6.75
42035,PA,2000,6.49
42037,PA,2000,6.16
42039,PA,2000,6.3100000000000005
42041,PA,2000,4.08
42043,PA,2000,4.7
42045,PA,2000,4.89
42047,PA,2000,6.4
42049,PA,2000,5.95
42051,PA,2000,6.92
42053,PA,2000,9.940000000000001
42055,PA,2000,4.38
42057,PA,2000,6.2299999999999995
42059,PA,2000,6.17
42061,PA,2000,7.029999999999999
42063,PA,2000,5.7700000000000005
42065,PA,2000,6.04
42067,PA,2000,4.970000000000001
42069,PA,2000,5.71
42071,PA,2000,4.0200000000000005
42073,PA,2000,6.14
42075,PA,2000,4.08
42077,PA,2000,5.3100000000000005
42079,PA,2000,6.21
42081,PA,2000,5.85
42083,PA,2000,6.07
42085,PA,2000,6.38
42087,PA,2000,6.42
42089,PA,2000,5.720000000000001
42091,PA,2000,4.26
42093,PA,2000,4.62
42095,PA,2000,5.2299999999999995
42097,PA,2000,6.220000000000001
42099,PA,2000,4.83
42101,PA,2000,6.99
42103,PA,2000,5.82
42105,PA,2000,6.7299999999999995
42107,PA,2000,6.58
42109,PA,2000,5.0600000000000005
42111,PA,2000,6.3100000000000005
42113,PA,2000,5.85
42115,PA,2000,5.61
42117,PA,2000,6.21
42119,PA,2000,5.63
42121,PA,2000,5.84
42123,PA,2000,5.38
42125,PA,2000,5.55
42127,PA,2000,5.08
42129,PA,2000,5.5600000000000005
42131,PA,2000,5.87
42133,PA,2000,4.6899999999999995
44000,RI,2000,5.89
44001,RI,2000,5.12
44003,RI,2000,5.57
44005,RI,2000,5.2299999999999995
44007,RI,2000,6.38
44009,RI,2000,4.779999999999999
45000,SC,2000,6.9
45001,SC,2000,8.690000000000001
45003,SC,2000,6.1
45005,SC,2000,11.059999999999999
45007,SC,2000,7.17
45009,SC,2000,9.290000000000001
45011,SC,2000,10.05
45013,SC,2000,5.18
45015,SC,2000,5.82
45017,SC,2000,7.4
45019,SC,2000,5.470000000000001
45021,SC,2000,8.89
45023,SC,2000,11.120000000000001
45025,SC,2000,9.709999999999999
45027,SC,2000,9.53
45029,SC,2000,7.43
45031,SC,2000,8.34
45033,SC,2000,10.18
45035,SC,2000,5.470000000000001
45037,SC,2000,6.6
45039,SC,2000,9.45
45041,SC,2000,7.69
45043,SC,2000,8.620000000000001
45045,SC,2000,5.66
45047,SC,2000,8.690000000000001
45049,SC,2000,8.72
45051,SC,2000,6.4
45053,SC,2000,5.85
45055,SC,2000,6.65
45057,SC,2000,9.42
45059,SC,2000,7.609999999999999
45061,SC,2000,9.309999999999999
45063,SC,2000,4.89
45065,SC,2000,11.55
45067,SC,2000,13.719999999999999
45069,SC,2000,12.47
45071,SC,2000,7.390000000000001
45073,SC,2000,8.01
45075,SC,2000,10.01
45077,SC,2000,6.55
45079,SC,2000,5.95
45081,SC,2000,6.57
45083,SC,2000,7.3
45085,SC,2000,8.16
45087,SC,2000,11.440000000000001
45089,SC,2000,11.43
45091,SC,2000,7.2
46000,SD,2000,3.29
46003,SD,2000,3.31
46005,SD,2000,3.29
46007,SD,2000,4.279999999999999
46009,SD,2000,3.6399999999999997
46011,SD,2000,2.68
46013,SD,2000,2.85
46015,SD,2000,2.7399999999999998
46017,SD,2000,10.790000000000001
46019,SD,2000,3.2
46021,SD,2000,3.85
46023,SD,2000,3.53
46025,SD,2000,4.46
46027,SD,2000,2.91
46029,SD,2000,3.47
46031,SD,2000,5.9
46033,SD,2000,3.3200000000000003
46035,SD,2000,2.88
46037,SD,2000,5.279999999999999
46039,SD,2000,3.96
46041,SD,2000,9.0
46043,SD,2000,2.79
46045,SD,2000,2.93
46047,SD,2000,3.97
46049,SD,2000,3.0100000000000002
46051,SD,2000,3.79
46053,SD,2000,3.37
46055,SD,2000,2.55
46057,SD,2000,3.5200000000000005
46059,SD,2000,2.77
46061,SD,2000,3.0
46063,SD,2000,2.79
46065,SD,2000,2.5
46067,SD,2000,3.3600000000000003
46069,SD,2000,3.2
46071,SD,2000,5.39
46073,SD,2000,2.8
46075,SD,2000,2.2800000000000002
46077,SD,2000,3.45
46079,SD,2000,3.4299999999999997
46081,SD,2000,3.09
46083,SD,2000,2.5300000000000002
46085,SD,2000,4.51
46087,SD,2000,3.2700000000000005
46089,SD,2000,4.0
46091,SD,2000,4.8100000000000005
46093,SD,2000,3.2
46095,SD,2000,4.87
46097,SD,2000,4.18
46099,SD,2000,2.9699999999999998
46101,SD,2000,4.54
46102,SD,2000,8.64
46103,SD,2000,3.1100000000000003
46105,SD,2000,3.2
46107,SD,2000,3.21
46109,SD,2000,4.65
46111,SD,2000,2.92
46115,SD,2000,3.4
46117,SD,2000,2.44
46119,SD,2000,2.37
46121,SD,2000,5.6
46123,SD,2000,3.21
46125,SD,2000,3.2299999999999995
46127,SD,2000,3.72
46129,SD,2000,4.25
46135,SD,2000,3.21
46137,SD,2000,6.67
47000,TN,2000,5.63
47001,TN,2000,5.26
47003,TN,2000,6.09
47005,TN,2000,8.28
47007,TN,2000,7.12
47009,TN,2000,4.91
47011,TN,2000,5.26
47013,TN,2000,6.909999999999999
47015,TN,2000,5.56
47017,TN,2000,8.59
47019,TN,2000,6.01
47021,TN,2000,4.54
47023,TN,2000,6.0600000000000005
47025,TN,2000,6.24
47027,TN,2000,9.32
47029,TN,2000,8.09
47031,TN,2000,5.49
47033,TN,2000,7.6
47035,TN,2000,6.7
47037,TN,2000,4.63
47039,TN,2000,7.659999999999999
47041,TN,2000,5.76
47043,TN,2000,5.38
47045,TN,2000,6.87
47047,TN,2000,6.49
47049,TN,2000,7.99
47051,TN,2000,5.61
47053,TN,2000,8.370000000000001
47055,TN,2000,7.7
47057,TN,2000,6.93
47059,TN,2000,8.25
47061,TN,2000,7.26
47063,TN,2000,6.26
47065,TN,2000,4.720000000000001
47067,TN,2000,8.02
47069,TN,2000,7.83
47071,TN,2000,7.390000000000001
47073,TN,2000,6.14
47075,TN,2000,8.690000000000001
47077,TN,2000,8.24
47079,TN,2000,7.590000000000001
47081,TN,2000,6.4799999999999995
47083,TN,2000,7.62
47085,TN,2000,7.159999999999999
47087,TN,2000,7.720000000000001
47089,TN,2000,6.38
47091,TN,2000,8.02
47093,TN,2000,4.17
47095,TN,2000,7.2
47097,TN,2000,9.51
47099,TN,2000,9.86
47101,TN,2000,8.27
47103,TN,2000,4.7
47105,TN,2000,4.95
47107,TN,2000,7.19
47109,TN,2000,6.9799999999999995
47111,TN,2000,6.540000000000001
47113,TN,2000,5.85
47115,TN,2000,6.49
47117,TN,2000,7.68
47119,TN,2000,6.42
47121,TN,2000,7.7700000000000005
47123,TN,2000,7.859999999999999
47125,TN,2000,5.18
47127,TN,2000,4.65
47129,TN,2000,7.43
47131,TN,2000,6.08
47133,TN,2000,7.1
47135,TN,2000,9.209999999999999
47137,TN,2000,9.059999999999999
47139,TN,2000,6.32
47141,TN,2000,5.470000000000001
47143,TN,2000,6.779999999999999
47145,TN,2000,5.54
47147,TN,2000,5.2
47149,TN,2000,4.6
47151,TN,2000,8.879999999999999
47153,TN,2000,5.84
47155,TN,2000,6.17
47157,TN,2000,5.87
47159,TN,2000,6.709999999999999
47161,TN,2000,7.07
47163,TN,2000,5.14
47165,TN,2000,4.93
47167,TN,2000,6.3
47169,TN,2000,6.35
47171,TN,2000,6.840000000000001
47173,TN,2000,5.41
47175,TN,2000,7.63
47177,TN,2000,7.33
47179,TN,2000,5.14
47181,TN,2000,9.690000000000001
47183,TN,2000,7.25
47185,TN,2000,7.720000000000001
47187,TN,2000,3.8600000000000003
47189,TN,2000,4.7299999999999995
48000,TX,2000,5.57
48001,TX,2000,6.640000000000001
48003,TX,2000,4.61
48005,TX,2000,5.75
48007,TX,2000,6.07
48009,TX,2000,3.8200000000000003
48011,TX,2000,3.88
48013,TX,2000,5.35
48015,TX,2000,4.91
48017,TX,2000,5.0600000000000005
48019,TX,2000,4.6899999999999995
48021,TX,2000,5.38
48023,TX,2000,4.92
48025,TX,2000,6.9799999999999995
48027,TX,2000,5.2700000000000005
48029,TX,2000,5.1899999999999995
48031,TX,2000,4.12
48033,TX,2000,4.3100000000000005
48035,TX,2000,5.4799999999999995
48037,TX,2000,5.61
48039,TX,2000,5.9
48041,TX,2000,4.2299999999999995
48043,TX,2000,4.13
48045,TX,2000,4.87
48047,TX,2000,6.92
48049,TX,2000,5.11
48051,TX,2000,4.779999999999999
48053,TX,2000,4.58
48055,TX,2000,5.8100000000000005
48057,TX,2000,6.25
48059,TX,2000,4.41
48061,TX,2000,7.9
48063,TX,2000,5.92
48065,TX,2000,4.0200000000000005
48067,TX,2000,7.06
48069,TX,2000,4.529999999999999
48071,TX,2000,5.7
48073,TX,2000,5.76
48075,TX,2000,5.46
48077,TX,2000,4.220000000000001
48079,TX,2000,6.15
48081,TX,2000,5.89
48083,TX,2000,5.2
48085,TX,2000,4.87
48087,TX,2000,4.35
48089,TX,2000,4.63
48091,TX,2000,4.72
48093,TX,2000,4.58
48095,TX,2000,5.83
48097,TX,2000,4.67
48099,TX,2000,6.55
48101,TX,2000,5.05
48103,TX,2000,5.76
48105,TX,2000,4.13
48107,TX,2000,5.529999999999999
48109,TX,2000,4.42
48111,TX,2000,3.4799999999999995
48113,TX,2000,5.970000000000001
48115,TX,2000,6.43
48117,TX,2000,4.82
48119,TX,2000,6.0200000000000005
48121,TX,2000,4.55
48123,TX,2000,5.0600000000000005
48125,TX,2000,5.36
48127,TX,2000,8.309999999999999
48129,TX,2000,4.89
48131,TX,2000,7.1
48133,TX,2000,5.4399999999999995
48135,TX,2000,5.2700000000000005
48137,TX,2000,4.5600000000000005
48139,TX,2000,5.37
48141,TX,2000,7.340000000000001
48143,TX,2000,4.35
48145,TX,2000,6.279999999999999
48147,TX,2000,6.590000000000001
48149,TX,2000,4.029999999999999
48151,TX,2000,4.619999999999999
48153,TX,2000,5.9
48155,TX,2000,4.970000000000001
48157,TX,2000,5.0
48159,TX,2000,4.71
48161,TX,2000,4.86
48163,TX,2000,6.459999999999999
48165,TX,2000,4.720000000000001
48167,TX,2000,6.01
48169,TX,2000,4.5600000000000005
48171,TX,2000,3.66
48173,TX,2000,3.81
48175,TX,2000,4.8
48177,TX,2000,4.34
48179,TX,2000,5.01
48181,TX,2000,5.74
48183,TX,2000,5.55
48185,TX,2000,6.36
48187,TX,2000,4.63
48189,TX,2000,5.279999999999999
48191,TX,2000,6.14
48193,TX,2000,4.32
48195,TX,2000,3.6100000000000003
48197,TX,2000,4.76
48199,TX,2000,6.4799999999999995
48201,TX,2000,5.55
48203,TX,2000,5.75
48205,TX,2000,3.66
48207,TX,2000,4.29
48209,TX,2000,4.71
48211,TX,2000,2.79
48213,TX,2000,5.58
48215,TX,2000,8.85
48217,TX,2000,6.07
48219,TX,2000,4.61
48221,TX,2000,5.26
48223,TX,2000,4.82
48225,TX,2000,6.540000000000001
48227,TX,2000,5.5
48229,TX,2000,6.04
48231,TX,2000,5.720000000000001
48233,TX,2000,5.3
48235,TX,2000,3.7600000000000002
48237,TX,2000,4.5
48239,TX,2000,5.08
48241,TX,2000,8.040000000000001
48243,TX,2000,3.9699999999999998
48245,TX,2000,7.389999999999999
48247,TX,2000,5.26
48249,TX,2000,5.96
48251,TX,2000,5.32
48253,TX,2000,5.71
48255,TX,2000,6.5200000000000005
48257,TX,2000,6.0
48259,TX,2000,4.3100000000000005
48261,TX,2000,3.7600000000000002
48263,TX,2000,4.14
48265,TX,2000,4.47
48267,TX,2000,4.0200000000000005
48269,TX,2000,3.8899999999999997
48271,TX,2000,6.65
48273,TX,2000,5.3100000000000005
48275,TX,2000,4.720000000000001
48277,TX,2000,6.12
48279,TX,2000,5.2700000000000005
48281,TX,2000,4.55
48283,TX,2000,6.720000000000001
48285,TX,2000,3.8200000000000003
48287,TX,2000,4.51
48289,TX,2000,5.72
48291,TX,2000,7.2299999999999995
48293,TX,2000,5.13
48295,TX,2000,3.8200000000000003
48297,TX,2000,5.0200000000000005
48299,TX,2000,5.17
48301,TX,2000,8.209999999999999
48303,TX,2000,4.19
48305,TX,2000,5.21
48307,TX,2000,5.37
48309,TX,2000,5.15
48311,TX,2000,5.07
48313,TX,2000,5.720000000000001
48315,TX,2000,6.56
48317,TX,2000,4.29
48319,TX,2000,3.35
48321,TX,2000,8.11
48323,TX,2000,14.8
48325,TX,2000,5.08
48327,TX,2000,4.74
48329,TX,2000,4.0600000000000005
48331,TX,2000,5.71
48333,TX,2000,4.1
48335,TX,2000,6.45
48337,TX,2000,4.96
48339,TX,2000,4.8
48341,TX,2000,3.75
48343,TX,2000,7.68
48345,TX,2000,4.18
48347,TX,2000,5.1
48349,TX,2000,6.12
48351,TX,2000,9.47
48353,TX,2000,4.970000000000001
48355,TX,2000,5.5200000000000005
48357,TX,2000,3.5200000000000005
48359,TX,2000,4.09
48361,TX,2000,7.709999999999999
48363,TX,2000,5.11
48365,TX,2000,5.51
48367,TX,2000,4.91
48369,TX,2000,3.85
48371,TX,2000,5.6
48373,TX,2000,6.94
48375,TX,2000,5.21
48377,TX,2000,13.540000000000001
48379,TX,2000,5.720000000000001
48381,TX,2000,3.2
48383,TX,2000,3.34
48385,TX,2000,5.18
48387,TX,2000,6.75
48389,TX,2000,8.64
48391,TX,2000,4.779999999999999
48393,TX,2000,3.19
48395,TX,2000,5.46
48397,TX,2000,4.88
48399,TX,2000,5.21
48401,TX,2000,5.529999999999999
48403,TX,2000,10.7
48405,TX,2000,6.7299999999999995
48407,TX,2000,6.19
48409,TX,2000,6.4799999999999995
48411,TX,2000,5.15
48413,TX,2000,4.37
48415,TX,2000,5.21
48417,TX,2000,3.3200000000000003
48419,TX,2000,5.8
48421,TX,2000,3.62
48423,TX,2000,5.2700000000000005
48425,TX,2000,5.26
48427,TX,2000,14.34
48429,TX,2000,4.99
48431,TX,2000,3.34
48433,TX,2000,3.95
48435,TX,2000,3.41
48437,TX,2000,4.76
48439,TX,2000,5.2700000000000005
48441,TX,2000,4.4
48443,TX,2000,6.15
48445,TX,2000,5.5600000000000005
48447,TX,2000,3.84
48449,TX,2000,4.970000000000001
48451,TX,2000,4.5200000000000005
48453,TX,2000,4.779999999999999
48455,TX,2000,6.35
48457,TX,2000,7.57
48459,TX,2000,5.4
48461,TX,2000,4.39
48463,TX,2000,6.55
48465,TX,2000,6.8
48467,TX,2000,5.08
48469,TX,2000,4.77
48471,TX,2000,5.65
48473,TX,2000,5.659999999999999
48475,TX,2000,6.01
48477,TX,2000,4.49
48479,TX,2000,6.43
48481,TX,2000,5.220000000000001
48483,TX,2000,3.85
48485,TX,2000,5.220000000000001
48487,TX,2000,4.07
48489,TX,2000,10.45
48491,TX,2000,4.74
48493,TX,2000,4.84
48495,TX,2000,5.87
48497,TX,2000,5.05
48499,TX,2000,5.83
48501,TX,2000,4.84
48503,TX,2000,4.84
48505,TX,2000,7.4799999999999995
48507,TX,2000,12.61
49000,UT,2000,4.4
49001,UT,2000,4.0200000000000005
49003,UT,2000,4.62
49005,UT,2000,3.3299999999999996
49007,UT,2000,5.65
49009,UT,2000,4.68
49011,UT,2000,4.0600000000000005
49013,UT,2000,4.91
49015,UT,2000,5.55
49017,UT,2000,7.31
49019,UT,2000,6.65
49021,UT,2000,4.51
49023,UT,2000,5.5600000000000005
49025,UT,2000,4.7299999999999995
49027,UT,2000,3.96
49029,UT,2000,4.12
49031,UT,2000,4.45
49033,UT,2000,3.2299999999999995
49035,UT,2000,4.34
49037,UT,2000,7.94
49039,UT,2000,5.33
49041,UT,2000,4.68
49043,UT,2000,4.5
49045,UT,2000,4.79
49047,UT,2000,4.38
49049,UT,2000,4.2
49051,UT,2000,4.6899999999999995
49053,UT,2000,4.66
49055,UT,2000,5.62
49057,UT,2000,5.01
50000,VT,2000,3.9799999999999995
50001,VT,2000,3.69
50003,VT,2000,4.33
50005,VT,2000,4.59
50007,VT,2000,3.45
50009,VT,2000,4.970000000000001
50011,VT,2000,4.26
50013,VT,2000,5.16
50015,VT,2000,4.5
50017,VT,2000,3.66
50019,VT,2000,5.85
50021,VT,2000,4.42
50023,VT,2000,4.0
50025,VT,2000,3.8
50027,VT,2000,3.4200000000000004
51000,VA,2000,3.9899999999999998
51001,VA,2000,4.64
51003,VA,2000,3.0700000000000003
51005,VA,2000,5.29
51007,VA,2000,3.9299999999999997
51009,VA,2000,4.57
51011,VA,2000,4.99
51013,VA,2000,2.65
51015,VA,2000,3.4799999999999995
51017,VA,2000,4.15
51019,VA,2000,4.0
51021,VA,2000,5.2
51023,VA,2000,3.46
51025,VA,2000,6.45
51027,VA,2000,6.33
51029,VA,2000,4.58
51031,VA,2000,4.59
51033,VA,2000,4.42
51035,VA,2000,6.529999999999999
51036,VA,2000,5.15
51037,VA,2000,6.610000000000001
51041,VA,2000,3.5200000000000005
51043,VA,2000,3.19
51045,VA,2000,4.2
51047,VA,2000,4.09
51049,VA,2000,4.14
51051,VA,2000,6.9799999999999995
51053,VA,2000,4.25
51057,VA,2000,4.81
51059,VA,2000,2.95
51061,VA,2000,3.06
51063,VA,2000,4.5200000000000005
51065,VA,2000,3.28
51067,VA,2000,4.59
51069,VA,2000,3.69
51071,VA,2000,5.71
51073,VA,2000,3.3299999999999996
51075,VA,2000,3.3600000000000003
51077,VA,2000,6.7299999999999995
51079,VA,2000,3.29
51081,VA,2000,5.5600000000000005
51083,VA,2000,8.09
51085,VA,2000,3.34
51087,VA,2000,3.7
51089,VA,2000,8.27
51091,VA,2000,4.26
51093,VA,2000,3.6799999999999997
51095,VA,2000,3.31
51097,VA,2000,4.4399999999999995
51099,VA,2000,3.87
51101,VA,2000,3.71
51103,VA,2000,6.1899999999999995
51105,VA,2000,5.5200000000000005
51107,VA,2000,2.91
51109,VA,2000,4.15
51111,VA,2000,5.640000000000001
51113,VA,2000,3.54
51115,VA,2000,3.4299999999999997
51117,VA,2000,7.290000000000001
51119,VA,2000,3.7
51121,VA,2000,4.04
51125,VA,2000,3.7
51127,VA,2000,3.6700000000000004
51131,VA,2000,5.04
51133,VA,2000,5.69
51135,VA,2000,4.88
51137,VA,2000,4.05
51139,VA,2000,6.13
51141,VA,2000,6.859999999999999
51143,VA,2000,6.7299999999999995
51145,VA,2000,3.2600000000000002
51147,VA,2000,5.720000000000001
51149,VA,2000,4.16
51153,VA,2000,3.2
51155,VA,2000,6.409999999999999
51157,VA,2000,3.15
51159,VA,2000,5.5
51161,VA,2000,3.28
51163,VA,2000,3.6799999999999997
51165,VA,2000,3.25
51167,VA,2000,6.62
51169,VA,2000,5.74
51171,VA,2000,3.85
51173,VA,2000,6.659999999999999
51175,VA,2000,4.5200000000000005
51177,VA,2000,3.08
51179,VA,2000,3.12
51181,VA,2000,4.55
51183,VA,2000,6.08
51185,VA,2000,5.35
51187,VA,2000,3.9
51191,VA,2000,5.42
51193,VA,2000,4.96
51195,VA,2000,5.3
51197,VA,2000,5.88
51199,VA,2000,3.21
51510,VA,2000,2.9899999999999998
51520,VA,2000,5.88
51530,VA,2000,4.55
51540,VA,2000,4.11
51550,VA,2000,3.8600000000000003
51570,VA,2000,4.33
51580,VA,2000,6.51
51590,VA,2000,9.23
51595,VA,2000,6.7
51600,VA,2000,2.84
51610,VA,2000,3.62
51620,VA,2000,5.6
51630,VA,2000,5.2299999999999995
51640,VA,2000,6.5200000000000005
51650,VA,2000,4.7299999999999995
51660,VA,2000,3.9
51670,VA,2000,5.99
51678,VA,2000,5.76
51680,VA,2000,5.04
51683,VA,2000,3.75
51685,VA,2000,3.0100000000000002
51690,VA,2000,11.32
51700,VA,2000,4.6
51710,VA,2000,5.31
51720,VA,2000,5.35
51730,VA,2000,7.709999999999999
51735,VA,2000,3.04
51740,VA,2000,5.4399999999999995
51750,VA,2000,5.220000000000001
51760,VA,2000,5.65
51770,VA,2000,4.8
51775,VA,2000,3.6799999999999997
51790,VA,2000,3.8899999999999997
51800,VA,2000,4.21
51810,VA,2000,3.63
51820,VA,2000,4.5600000000000005
51830,VA,2000,7.9
51840,VA,2000,4.029999999999999
53000,WA,2000,6.04
53001,WA,2000,7.790000000000001
53003,WA,2000,6.34
53005,WA,2000,6.01
53007,WA,2000,6.970000000000001
53009,WA,2000,7.609999999999999
53011,WA,2000,7.7
53013,WA,2000,8.82
53015,WA,2000,8.8
53017,WA,2000,6.4799999999999995
53019,WA,2000,10.66
53021,WA,2000,7.69
53023,WA,2000,5.71
53025,WA,2000,8.15
53027,WA,2000,8.78
53029,WA,2000,6.470000000000001
53031,WA,2000,6.45
53033,WA,2000,4.67
53035,WA,2000,5.82
53037,WA,2000,6.62
53039,WA,2000,9.290000000000001
53041,WA,2000,8.78
53043,WA,2000,6.35
53045,WA,2000,7.590000000000001
53047,WA,2000,8.34
53049,WA,2000,8.39
53051,WA,2000,9.32
53053,WA,2000,6.709999999999999
53055,WA,2000,4.84
53057,WA,2000,6.92
53059,WA,2000,9.05
53061,WA,2000,5.279999999999999
53063,WA,2000,6.5
53065,WA,2000,8.9
53067,WA,2000,5.7299999999999995
53069,WA,2000,8.64
53071,WA,2000,6.16
53073,WA,2000,5.96
53075,WA,2000,4.51
53077,WA,2000,8.33
54000,WV,2000,5.84
54001,WV,2000,7.07
54003,WV,2000,4.9799999999999995
54005,WV,2000,6.03
54007,WV,2000,6.959999999999999
54009,WV,2000,7.109999999999999
54011,WV,2000,5.17
54013,WV,2000,10.09
54015,WV,2000,8.72
54017,WV,2000,6.0200000000000005
54019,WV,2000,6.85
54021,WV,2000,5.8100000000000005
54023,WV,2000,6.74
54025,WV,2000,6.87
54027,WV,2000,4.86
54029,WV,2000,7.0200000000000005
54031,WV,2000,4.87
54033,WV,2000,5.57
54035,WV,2000,6.909999999999999
54037,WV,2000,4.069999999999999
54039,WV,2000,5.12
54041,WV,2000,6.090000000000001
54043,WV,2000,7.31
54045,WV,2000,6.4799999999999995
54047,WV,2000,9.620000000000001
54049,WV,2000,5.390000000000001
54051,WV,2000,6.57
54053,WV,2000,8.72
54055,WV,2000,5.58
54057,WV,2000,6.0600000000000005
54059,WV,2000,7.35
54061,WV,2000,4.0600000000000005
54063,WV,2000,5.35
54065,WV,2000,5.279999999999999
54067,WV,2000,6.56
54069,WV,2000,5.34
54071,WV,2000,5.220000000000001
54073,WV,2000,7.0200000000000005
54075,WV,2000,7.840000000000001
54077,WV,2000,5.68
54079,WV,2000,4.85
54081,WV,2000,5.720000000000001
54083,WV,2000,6.4
54085,WV,2000,6.970000000000001
54087,WV,2000,8.82
54089,WV,2000,7.040000000000001
54091,WV,2000,5.79
54093,WV,2000,7.4799999999999995
54095,WV,2000,7.56
54097,WV,2000,5.9799999999999995
54099,WV,2000,5.99
54101,WV,2000,7.05
54103,WV,2000,8.959999999999999
54105,WV,2000,8.059999999999999
54107,WV,2000,5.86
54109,WV,2000,7.06
55000,WI,2000,5.1899999999999995
55001,WI,2000,6.609999999999999
55003,WI,2000,6.58
55005,WI,2000,5.71
55007,WI,2000,6.5200000000000005
55009,WI,2000,4.7700000000000005
55011,WI,2000,4.62
55013,WI,2000,6.24
55015,WI,2000,4.58
55017,WI,2000,5.79
55019,WI,2000,5.9399999999999995
55021,WI,2000,5.1
55023,WI,2000,5.7
55025,WI,2000,3.45
55027,WI,2000,5.4799999999999995
55029,WI,2000,5.8
55031,WI,2000,5.61
55033,WI,2000,4.7299999999999995
55035,WI,2000,4.4
55037,WI,2000,6.37
55039,WI,2000,5.0
55041,WI,2000,7.029999999999999
55043,WI,2000,4.84
55045,WI,2000,4.9399999999999995
55047,WI,2000,6.04
55049,WI,2000,4.4399999999999995
55051,WI,2000,8.690000000000001
55053,WI,2000,5.92
55055,WI,2000,5.01
55057,WI,2000,6.63
55059,WI,2000,5.95
55061,WI,2000,4.79
55063,WI,2000,4.2299999999999995
55065,WI,2000,4.55
55067,WI,2000,6.6
55069,WI,2000,6.13
55071,WI,2000,5.790000000000001
55073,WI,2000,4.7700000000000005
55075,WI,2000,6.76
55077,WI,2000,6.859999999999999
55078,WI,2000,11.05
55079,WI,2000,6.21
55081,WI,2000,4.79
55083,WI,2000,6.43
55085,WI,2000,6.37
55087,WI,2000,4.9799999999999995
55089,WI,2000,4.14
55091,WI,2000,5.0200000000000005
55093,WI,2000,4.35
55095,WI,2000,6.090000000000001
55097,WI,2000,4.8
55099,WI,2000,5.7700000000000005
55101,WI,2000,6.279999999999999
55103,WI,2000,4.95
55105,WI,2000,6.33
55107,WI,2000,7.1
55109,WI,2000,4.970000000000001
55111,WI,2000,4.7299999999999995
55113,WI,2000,6.67
55115,WI,2000,5.459999999999999
55117,WI,2000,4.67
55119,WI,2000,5.95
55121,WI,2000,5.05
55123,WI,2000,5.09
55125,WI,2000,6.459999999999999
55127,WI,2000,4.8
55129,WI,2000,6.74
55131,WI,2000,4.71
55133,WI,2000,4.33
55135,WI,2000,5.49
55137,WI,2000,6.1
55139,WI,2000,4.69
55141,WI,2000,5.6899999999999995
56000,WY,2000,3.81
56001,WY,2000,3.03
56003,WY,2000,4.92
56005,WY,2000,2.9
56007,WY,2000,4.29
56009,WY,2000,3.8200000000000003
56011,WY,2000,3.5700000000000003
56013,WY,2000,4.99
56015,WY,2000,4.029999999999999
56017,WY,2000,3.9799999999999995
56019,WY,2000,3.9799999999999995
56021,WY,2000,4.220000000000001
56023,WY,2000,4.13
56025,WY,2000,3.7399999999999998
56027,WY,2000,3.84
56029,WY,2000,4.09
56031,WY,2000,4.5600000000000005
56033,WY,2000,3.9299999999999997
56035,WY,2000,2.5
56037,WY,2000,3.5200000000000005
56039,WY,2000,3.18
56041,WY,2000,3.8299999999999996
56043,WY,2000,4.2299999999999995
56045,WY,2000,4.05
72000,PR,2000,11.65
72001,PR,2000,14.09
72003,PR,2000,13.8
72005,PR,2000,13.780000000000001
72007,PR,2000,12.620000000000001
72009,PR,2000,13.86
72011,PR,2000,14.190000000000001
72013,PR,2000,12.540000000000001
72015,PR,2000,16.98
72017,PR,2000,15.13
72019,PR,2000,12.86
72021,PR,2000,9.02
72023,PR,2000,10.28
72025,PR,2000,11.08
72027,PR,2000,12.22
72029,PR,2000,14.180000000000001
72031,PR,2000,9.05
72033,PR,2000,11.790000000000001
72035,PR,2000,13.14
72037,PR,2000,13.680000000000001
72039,PR,2000,17.169999999999998
72041,PR,2000,12.2
72043,PR,2000,14.709999999999999
72045,PR,2000,15.23
72047,PR,2000,12.290000000000001
72049,PR,2000,7.2
72051,PR,2000,9.77
72053,PR,2000,14.2
72054,PR,2000,14.569999999999999
72055,PR,2000,16.76
72057,PR,2000,15.280000000000001
72059,PR,2000,16.45
72061,PR,2000,6.720000000000001
72063,PR,2000,10.879999999999999
72065,PR,2000,12.790000000000001
72067,PR,2000,11.559999999999999
72069,PR,2000,15.02
72071,PR,2000,14.1
72073,PR,2000,14.540000000000001
72075,PR,2000,13.069999999999999
72077,PR,2000,13.190000000000001
72079,PR,2000,13.77
72081,PR,2000,13.15
72083,PR,2000,13.52
72085,PR,2000,14.05
72087,PR,2000,14.169999999999998
72089,PR,2000,16.3
72091,PR,2000,14.55
72093,PR,2000,14.0
72095,PR,2000,19.2
72097,PR,2000,13.87
72099,PR,2000,13.440000000000001
72101,PR,2000,15.180000000000001
72103,PR,2000,16.14
72105,PR,2000,11.790000000000001
72107,PR,2000,15.8
72109,PR,2000,17.32
72111,PR,2000,15.38
72113,PR,2000,11.83
72115,PR,2000,13.25
72117,PR,2000,13.809999999999999
72119,PR,2000,12.42
72121,PR,2000,13.959999999999999
72123,PR,2000,16.3
72125,PR,2000,13.99
72127,PR,2000,8.35
72129,PR,2000,12.34
72131,PR,2000,14.559999999999999
72133,PR,2000,13.41
72135,PR,2000,8.33
72137,PR,2000,9.0
72139,PR,2000,7.720000000000001
72141,PR,2000,14.87
72143,PR,2000,11.47
72145,PR,2000,12.919999999999998
72147,PR,2000,13.95
72149,PR,2000,14.48
72151,PR,2000,18.419999999999998
72153,PR,2000,13.51
